permit_type,dec_id,permit_issued_to,facility_name,facility_street,facility_city,facility_zip,facility_contact,facility_description,facility_mact,facility_nsps,emission_units,controls,pollutants,potential_to_emit,emission_unit_description,process_description,monitoring_type,monitoring_frequency,parameter_monitored,upper_permit_limit,lower_permit_limit
"Air Title V Facility, Title IV (Phase II Acid Rain)",1282000358,VILLAGE OF FREEPORT,FREEPORT POWER PLANT #2,289 BUFFALO AVE,FREEPORT,11520,ANTHONY FIORE,,,"A, GG","2-00004, U-00005","CATALYTIC OXIDATION, SELECTIVE CATALYTIC REDUCTION (SCR), WATER INJECTION","AMMONIA, CARBON MONOXIDE, OXIDES OF NITROGEN, PARTICULATES, SULFUR DIOXIDE",,,,,,,,
Air Title V Facility,1282000457,HOFSTRA UNIVERSITY,HOFSTRA UNIVERSITY,1000 FULTON AVE,HEMPSTEAD,11550,"GREGG HOMEYER, ROUX ASSOCIATES INC",,"JJJJJJ, ZZZZ",Dc,"U-00001, U-00017, U-00101",,"CARBON MONOXIDE, OXIDES OF NITROGEN, PARTICULATES, SULFUR DIOXIDE",,,,,,,,
Air Title V Facility,1282000553,NATIONAL GRID GENERATION LLC,EF BARRETT POWER STATION,1 MCCARTHY RD,ISLAND PARK,11558,CHRISTOPHER CORRADO,,,,"U-00001, U-00002, U-00003, U-00004, U-00005, U-00006, U-00007, U-00008, U-00009, U-00010, U-00011, U-00012, U-00013, U-00014, U-00015, U-00016, U-00017, U-00018, U-00019, U-000S4, U-000S8",,"CARBON DIOXIDE, OXIDES OF NITROGEN, PARTICULATES, SULFUR DIOXIDE",,,,,,,,
Air State Facility,1282000600,MERCY HOSPITAL ASSOCIATION,MERCY MEDICAL CENTER,1000 N VILLAGE AVE,ROCKVILLE CTR,11570,"JACK DELL'ORTO, PAUL MAROTTA",,,,U-FAC01,,"OXIDES OF NITROGEN, PARTICULATES, SULFUR DIOXIDE",,,,,,,,
Air State Facility,1282000669,VERIZON NEW YORK INC,VERIZON NEW YORK INC,741 ZECKENDORF BLVD,GARDEN CITY,11530,LEO L BUSINELLI,,,,Z-00001,,OXIDES OF NITROGEN,,,,,,,,
Air Title V Facility,1282000753,VILLAGE OF ROCKVILLE CENTRE,ROCKVILLE CENTRE POWER PLANT,110 MAPLE AVE,ROCKVILLE CTR,11571,PAUL J PALLAS,,ZZZZ,,1-RVCPP,"CHEMICAL OXIDATION, SELECTIVE CATALYTIC REDUCTION (SCR)","CARBON MONOXIDE, OXIDES OF NITROGEN, PARTICULATES",,,,,,,,
Air State Facility,1282000796,SOUTH NASSAU COMMUNITIES HOSPITAL,SOUTH NASSAU COMMUNITIES HOSPITAL,ONE HEALTHY WAY,OCEANSIDE,11572,"JOSEPH MAHALICH, RICHARD C BIE",,,,"U-00001, U-00002",,OXIDES OF NITROGEN,,,,,,,,
Air Title V Facility,1282000947,GLOBAL COMPANIES LLC,GLOBAL COMPANIES LLC - INWOOD TERMINAL,464 DOUGHTY BLVD,INWOOD,11096,HANK M MEYERHOEFER,,BBBBBB,"A, Kb, XX","1-RACK1, 1-TANKS","FLOATING ROOF, VAPOR RECOVERY SYS(INCL.CONDENSERS,HOODING, OTHER ENCLOSURES)","1, 1 BIPHENYL, 1,3 DIMETHYL BENZENE, 2-METHYL-PHENOL, BENZENE, BENZENE, (1-METHYLETHYL), ETHYLBENZENE, HEXANE, METHYL TERTBUTYL ETHER, NAPHTHALENE, PENTANE, 2,2,4-TRIMETHYL-, PHENOL, TOLUENE, TOTAL HAP, VOC",,,,,,,,
Air Title V Facility,1282001085,CARBO INDUSTRIES INC,CARBO INDUSTRIES PROPERTY,1 BAY BLVD,LAWRENCE,11559,"CLIFFORD HOCHHAUSER, GLENN WIETING",,"BBBBBB, R","A, Kb, XX","1-MISCP, 1-RACKS, 1-TANKS","FLOATING ROOF, VAPOR RECOVERY SYS(INCL.CONDENSERS,HOODING, OTHER ENCLOSURES)","BENZENE, HAP, HEXANE, NAPHTHALENE, TOLUENE, VOC, XYLENE, M, O & P MIXT.",,,,,,,,
Air Title V Facility,1282001549,MOTIVA ENTERPRISES LLC,MOTIVA ENTERPRISES LLC PROPERTY,74 EAST AVE,LAWRENCE,11559,JAMES W LINTZ,,"BBBBBB, R","A, XX","T-TANKS, U-00001, U-00012, U-00013","FLOATING ROOF, VAPOR RECOVERY SYS(INCL.CONDENSERS,HOODING, OTHER ENCLOSURES)","BENZENE, ETHYLBENZENE, HAP, HEXANE, PENTANE, 2,2,4-TRIMETHYL-, TOLUENE, VOC, XYLENE, M, O & P MIXT.",,,,,,,,
Air Title V Facility,1282001727,COVANTA HEMPSTEAD COMPANY,HEMPSTEAD RESOURCE RECOVERY FACILITY,600 MERCHANTS CONCOURSE,WESTBURY,11590,"ALFRED TARSITANO, SCOTT WHEELER",,,Cb,U-UNITS,"FABRIC FILTER, SPRAY TOWER","2,3,7,8-TETRACHLORODIBENZO-P-DIOXIN, CADMIUM, CARBON MONOXIDE, HYDROGEN CHLORIDE, LEAD, MERCURY, OXIDES OF NITROGEN, PARTICULATES, SULFUR DIOXIDE, VOC",,,,,,,,
Air State Facility,1282001873,JOCAR ASPHALT LLC,RASON ASPHALT FACILITY,4 JOHNSON RD,NORTH LAWRENCE,11559,NASSAU ASPHALT SUPPLY CORPORATION,,,I,"D-00003, G-00004",FABRIC FILTER,"CARBON MONOXIDE, OXIDES OF NITROGEN, PARTICULATES, PM-10, VOC",,,,,,,,
Air State Facility,1282002479,OCEANSIDE BIOGAS LLC,OCEANSIDE LANDFILL GAS RECOVERY FAC,LONG BEACH RD & MOTT AVE,OCEANSIDE,11572,GEORGE R JANSEN,,,,"U-ET004, U-ET006",,OXIDES OF NITROGEN,,,,,,,,
"Air Title V Facility, Title IV (Phase II Acid Rain)",1282004508,EQUUS POWER 1 LP,EQUUS FREEPORT POWER GENERATING STATION,289 BUFFALO AVE,FREEPORT,11520,KENNETH FORD,,,"A, GG",U-00001,"CATALYTIC OXIDATION, SELECTIVE CATALYTIC REDUCTION (SCR), WATER INJECTION","AMMONIA, CARBON MONOXIDE, OXIDES OF NITROGEN, PARTICULATES",,,,,,,,
Air State Facility,1282200111,FORMED PLASTICS INC,FORMED PLASTICS,207 STONEHINGE LN,CARLE PLACE,11514,PATRICK K. LONG,,,,"R-00001, T-00001","FABRIC FILTER, MAT OR PANEL FILTER","DICHLOROMETHANE, HAP, HEXANE, PROPENENITRILE, TOLUENE, VOC",,,,,,,,
Air Title V Facility,1282200481,NATIONAL GRID GENERATION LLC,GLENWOOD COMBUSTION TURBINE FACILITY,SHORE RD,GLENWOOD LANDING,11547,PAUL A LYNCH,,,,"U-00020, U-00021",,"OXIDES OF NITROGEN, PARTICULATES, SULFUR DIOXIDE",,,,,,,,
Air State Facility,1282200573,U S MERCHANT MARINE ACADEMY,UNITED STATES MERCHANT MARINE ACADEMY,300 STEAMBOAT ROAD,KINGS POINT,11024,CAPT. JOHN JOCHMANS,,,Dc,"1-00BLR, 1-BOATS",,"OXIDES OF NITROGEN, SULFUR DIOXIDE",,,,,,,,
Air State Facility,1282201225,TRIUMPH STRUCTURES - LONG ISLAND LLC,AIRCRAFT PROTECTIVE SYSTEMS A DIV OF TRIUMPH STRUCTURES,LI LLC,88 URBAN AVE,,"LEONARD GROSS, MARGARET A KLIEBER-SCHRECK",,"A, A, A, N",,"1-PAINT, 2-ANODZ","CHEMICAL FUME SUPPRESSANT - WETTING, MAT OR PANEL FILTER","CHROMIUM, PARTICULATES, SULFURIC ACID, VOC",,,,,,,,
Air State Facility,1282400112,NORTHROP GRUMMAN CORPORATION,GRUMMAN AEROSPACE MFG PLANT,S OYSTER BAY RD,BETHPAGE,11714,LARRY LESKOVJAN,,,,"1-00VAC, 1-PRSRV, E-I0001",,"OXIDES OF NITROGEN, SULFUR DIOXIDE",,,,,,,,
Air Title V Facility,1282400388,GLOBAL COMPANIES LLC,GLOBAL COMPANIES LLC - GLENWOOD TERMINAL,SHORE & GLENWOOD RDS,GLENWOOD LANDING,11547,HANK M MEYERHOEFER,,BBBBBB,"A, Kb, XX","1-RACK1, 1-TANKS","VAPOR RECOVERY SYS(INCL.CONDENSERS,HOODING, OTHER ENCLOSURES)","1, 1 BIPHENYL, 1,3 DIMETHYL BENZENE, 2-METHYL-PHENOL, BENZENE, BENZENE, (1-METHYLETHYL), ETHYLBENZENE, HAP, HEXANE, METHYL TERTBUTYL ETHER, NAPHTHALENE, PENTANE, 2,2,4-TRIMETHYL-, PHENOL, TOLUENE, VOC",,,,,,,,
Air Title V Facility,1282400455,GLOBAL COMPANIES LLC,GLOBAL COMPANIES - COMMANDER TERMINAL,1 COMMANDER SQ,OYSTER BAY,11771,ANTHONY CASSANDRO,,"BBBBBB, R","A, K, Kb","1-MISCP, 1-RACKS, 1-TANKS","FLOATING ROOF, VAPOR RECOVERY SYS(INCL.CONDENSERS,HOODING, OTHER ENCLOSURES)","HAP, VOC",,,,,,,,
Air State Facility,1282400490,KEYSPAN ENERGY CORP,GLENWOOD BLACK START GT FACILITY,SHORE RD,GLENWOOD LANDING,11547,PAUL A LYNCH,,,,"U-GT011, U-GTS11",,"OXIDES OF NITROGEN, PARTICULATES",,,,,,,,
"Air Title V Facility, Title IV (Phase II Acid Rain)",1282400947,BETHPAGE ENERGY CENTER 3 LLC,TBG COGEN FACILITY,939 S BROADWAY,HICKSVILLE,11801,JULIE A STINEDURF,,,"A, Db, GG","U-00001, U-00002, U-00003",SELECTIVE CATALYTIC REDUCTION (SCR),"AMMONIA, CARBON DIOXIDE, CARBON MONOXIDE, OXIDES OF NITROGEN, PARTICULATES, SULFUR DIOXIDE, VOC",,,,,,,,
Air State Facility,1282400947,BETHPAGE ENERGY CENTER 3 LLC,TBG COGEN FACILITY,939 SOUTH BROADWAY,HICKSVILLE,11801,"DONALD NEAL, FORD",,,"A, GG",U-00001,"CATALYTIC OXIDATION, SELECTIVE CATALYTIC REDUCTION (SCR)","AMMONIA, CARBON MONOXIDE, OXIDES OF NITROGEN, PM-10",,,,,,,,
Air State Facility,1282401747,STATE UNIVERSITY OF NEW YORK,SUNY OLD WESTBURY,223 STORE HILL RD,OLD WESTBURY,11568,WILLIAM A KIMMINS,,,Dc,"U-00001, U-00002, U-00003",,"PARTICULATES, SULFUR DIOXIDE, VOC",,,,,,,,
Air State Facility,1282402055,LONG ISLAND UNIVERSITY,C W POST CAMPUS OF L I UNIVERSITY,720 NORTHERN BLVD,GREENVALE,11548,WILLIAM KIRKER,,,,U-00101,,"OXIDES OF NITROGEN, PARTICULATES, SULFUR DIOXIDE",,,,,,,,
"Air Title V Facility, Title IV (Phase II Acid Rain)",1282402146,NATIONAL GRID GLENWOOD ENERGY CENTER LLC,GLENWOOD LANDING ENERGY CENTER,SHORE RD,GLENWOOD LANDING,11547,ROBERT D TEETZ,,,"A, GG",U-CT001,"SELECTIVE CATALYTIC REDUCTION (SCR), STEAM OR WATER INJECTION","AMMONIA, CARBON DIOXIDE, CARBON MONOXIDE, Electrical Output, OXIDES OF NITROGEN, PARTICULATES, SULFUR DIOXIDE",,,,,,,,
Air State Facility,1472000342,THE SOUNDCOAT COMPANY INC,SOUNDCOAT CO,1 BURT DR,DEER PARK,11729,"JILL ROSENBLATT, SANDY NENNINGER",,,,"U-00001, U-00002, U-00003, U-00004",CATALYTIC OXIDATION,"HAP, VOC",,,,,,,,
Air State Facility,1472000343,THE LONG ISLAND HOME,THE LONG ISLAND HOME,400 SUNRISE HWY,AMITYVILLE,11701,ROBERT CHESTER,,,,"U-00001, U-00002",,"OXIDES OF NITROGEN, SULFUR DIOXIDE",,,,,,,,
Air Title V Facility,1472000355,SUFFOLK COUNTY,BERGEN POINT STP & BERGEN AVE. DOCK,600 BERGEN AVE,W BABYLON,11704,SOUTHWEST SEWER DISTRICT #3,,,O,"U-00001, U-00002, U-00003, U-00004","CATALYTIC AFTERBURNER, CENTRIFUGAL, GAS SCRUBBER (GENERAL, NOT CLASSIFIED), IMPINGEMENT PLATE SCRUBBER, SPRAY TOWER","OXIDES OF NITROGEN, PARTICULATES, SULFUR DIOXIDE",,,,,,,,
Air State Facility,1472000508,AIRCRAFT FINISHING CORP,AIRCRAFT FINISHING CORP,612 RUTGERS RD,NORTH BABYLON,11703,SAMUEL SERIGANO,,"N, T",,"1-PAINT, 2-ACPLT",MAT OR PANEL FILTER,"CHROMIUM, CYANIDE, HAP, PARTICULATES, SULFURIC ACID, VOC",,,,,,,,
Air State Facility,1472000545,PET CREMATORY AGENCY INC,PET CREMATORY AGENCY,164 CABOT STREET,WEST BABYLON,11704,JAMES KATSIKIS,,,,"U-00001, U-00002, U-00003",,"OXIDES OF NITROGEN, PARTICULATES",,,,,,,,
Air State Facility,1472000571,AMERICAN ACRYLIC CORP,AMERICAN ACRYLIC CORPORATION,400 SHEFFIELD AVE,WEST BABYLON,11704,TOM ZIEGLER,,,,1-RESIN,,"HAP, METHYL ACRYLIC ACIDMETHYL ESTER, VOC",,,,,,,,
Air State Facility,1472000585,STERICYCLE INC,BIO SYSTEMS PARTNERS PROPERTY,210 SHERWOOD AVE,FARMINGDALE,11735,WILLIAM SWEENEY,,,,,,,,,,,,,,
Air Title V Facility,1472000777,COVANTA BABYLON INC,BABYLON RESOURCE RECOVERY FACILITY,125 GLEAM ST,WEST BABYLON,11704,"ALFRED TARSITANO, MARK O'BRIEN",,,Cb,"1-MBMWC, 2-MBMWC","ACTIVATED CARBON INJECTION, DRY SPRAY ABSORPTION, FABRIC FILTER, SELECTIVE NON-CATALYTIC REDUCTION","2,3,7,8-TETRACHLORODIBENZO-P-DIOXIN, CADMIUM, CARBON MONOXIDE, HYDROGEN CHLORIDE, LEAD, MERCURY, OXIDES OF NITROGEN, PARTICULATES, SULFUR DIOXIDE",,,,,,,,
Air State Facility,1472000911,ADVANCED COATING TECHNIQUES INC,ADVANCED COATING TECHNIQUES INC,313 WYANDANCH AVE,NORTH BABYLON,11703,"ANTONIO GAITAN, WILLIAM R STRONG",,N,,"1-PAINT, 2-0ACID, 3-PLATE",,"CHROMIUM, CYANIDE, PARTICULATES, SULFURIC ACID, VOC",,,,,,,,
Air Title V Facility,1472001046,NATIONAL GRID GENERATION LLC,WEST BABYLON GT FACILITY,RAILROAD AVE,WEST BABYLON,11704,PAUL A LYNCH,,,,U-GT001,,"CARBON DIOXIDE, OXIDES OF NITROGEN, PARTICULATES, SULFUR DIOXIDE",,,,,,,,
Air Title V Facility,1472001147,WALNUT PACKAGING INC,WALNUT PACKAGING PROPERTY,450 SMITH ST,EAST FARMINGDALE,11735,JOSE ALVARADO,,KK,,0-00001,,"HAP, VOC",,,,,,,,
Air State Facility,1472001321,STATE UNIVERSITY OF NEW YORK,SUNY FARMINGDALE,ST RTE 110 - 2350 BROADHOLLOW RD,FARMINGDALE,11735,WILLIAM OCONNOR,,,"A, Dc",0-00001,,"OXIDES OF NITROGEN, PARTICULATES, SULFUR DIOXIDE",,,,,,,,
Air Title V Facility,1472001919,LAWRENCE RIPAK CO INC,LAWRENCE RIPAK FACILITY,165 FIELD ST,WEST BABYLON,11704,GALLI ENGINEERING PC,,"A, A, A, N, T, T, T, T",,"1-PAINT, 2-000VD, 3-CADPL, 4-0ACID, 5-PLNT2",MAT OR PANEL FILTER,"CHROMIUM, HAP, PARTICULATES, SULFURIC ACID, VOC",,,,,,,,
Air State Facility,1472002934,CLEAR FLO TECHNOLOGIES INC,CLEAR FLO TECHNOLOGIES/CLEAN & GREEN RECYCLING INC,1110 A ST RTE 109,NORTH LINDENHURST,11757,STEVEN MACCHIO,,ZZZZ,,1-CGKDS,,OXIDES OF NITROGEN,,,,,,,,
"Air Title V Facility, Title IV (Phase II Acid Rain)",1472003061,PINELAWN POWER LLC,PINELAWN POWER,380 PATTON AVE|NEXT TO BABYLON RESOURCE RECOVERY,WEST BABYLON,11704,"CHRIS GOODPASTURE, KENNETH FORD",,,"A, Db, GG",U-00001,"CATALYTIC OXIDATION, SELECTIVE CATALYTIC REDUCTION (SCR), STEAM OR WATER INJECTION","AMMONIA, OXIDES OF NITROGEN, PARTICULATES, SULFUR DIOXIDE, VOC",,,,,,,,
Air State Facility,1472003670,OVERNIGHT LABELS INC,OVERNIGHT LABELS INC,151-15 W INDUSTRY CT,DEER PARK,11729,DONALD EARL,,,,U-00001,,VOC,,,,,,,,
Air Title V Facility,1472200030,TOWN OF BROOKHAVEN,BROOKHAVEN LANDFILL & RECYCLING AREA,350 HORSEBLOCK RD,YAPHANK,11980,PAUL M ROTH,,,,"0-0CD56, 0-MSW14, E-FLARE, P-FLARE, W-DCHPR",FLARING,"CARBON MONOXIDE, NMOC - LANDFILL USE ONLY, OXIDES OF NITROGEN, PARTICULATES, PM 2.5, PM-10",,,,,,,,
Air Title V Facility,1472200032,U S DEPT OF ENERGY,BROOKHAVEN NATIONAL LABORATORY,53 BELL AVE,UPTON,11973,GERALD GRANZEN,,,"Db, TT","U-61005, U-61006, U-61007, U-COILS, U-FUELS, U-GENER, U-HALON, U-INSIG, U-METAL, U-MVACS, U-PAINT, U-RFRIG, U-SMBLR","FABRIC FILTER, PROCESS GAS RECOVERY, VAPOR LOCK BALANCE RECOVERY SYSTEM, VAPOR RECOVERY SYS(INCL.CONDENSERS,HOODING, OTHER ENCLOSURES)","CARBON MONOXIDE, OXIDES OF NITROGEN, PARTICULATES, PM-10, SULFUR DIOXIDE, VOC",,,,,,,,
Air Title V Facility,1472200105,NATIONAL GRID GENERATION LLC,HOLTSVILLE GT & LNG FACILITY,180-A MORRIS AVE,HOLTSVILLE,11742,"PAUL A LYNCH, ROBERT D TEETZ",,,,"U-00001, U-00002, U-00003, U-00004, U-00005, U-00006, U-00007, U-00008, U-00009, U-00010, U-00011, U-00012, U-00013, U-00014, U-00015, U-00016, U-00017, U-00018, U-00019, U-00020",,"CARBON DIOXIDE, OXIDES OF NITROGEN, PARTICULATES, SULFUR DIOXIDE",,,,,,,,
Air Title V Facility,1472200105,NATIONAL GRID GENERATION LLC,HOLTSVILLE GT & LNG FACILITY,180-A MORRIS AVE,HOLTSVILLE,11742,"PAUL A LYNCH, ROBERT D TEETZ",,,,"U-00021, U-00025, U-00026, U-00027",,,,,,,,,,
"Air Title V Facility, Title IV (Phase II Acid Rain)",1472200107,NATIONAL GRID GENERATION LLC,PORT JEFFERSON POWER STATION,BEACH ST,PORT JEFFERSON,11777,PAUL A LYNCH,,,,"U-00001, U-00002, U-00003, U-GT001, U-GT0S1",ELECTROSTATIC PRECIPITATOR,"CARBON DIOXIDE, OXIDES OF NITROGEN, PARTICULATES, SULFUR DIOXIDE",,,,,,,,
Air Title V Facility,1472200108,NATIONAL GRID GENERATION LLC,WADING RIVER GT FACILITY,NORTH COUNTRY RD,SHOREHAM,11786,PAUL A LYNCH,,,GG,"U-GT007, U-GT008, U-GT009, U-GT013, U-GT014",,"CARBON DIOXIDE, CARBON MONOXIDE, OXIDES OF NITROGEN, PARTICULATES, SULFUR DIOXIDE",,,,,,,,
,1472200112,REGENCY FOREST PET MEMORIAL CEMETERY,THE REGENCY FOREST PET MEMORIAL CEMETERY,760 MIDDLE COUNTRY RD,MIDDLE ISLAND,11953,,,,,0-00001,,PARTICULATES,,,,,,,,
Air State Facility,1472200243,STATE UNIVERSITY OF NEW YORK,SUNY AT STONY BROOK,NICOLLS RD - WEST SIDE,STONY BROOK,11794,"CLIFFORD KNEE, STATE UNIVERSITY OF NEW YORK",,JJJJJJ,,"U-00001, U-00002, U-00004","CATALYTIC OXIDATION, GRAVITY COLLECTOR","ETHYLENE OXIDE, OXIDES OF NITROGEN, SULFUR DIOXIDE",,,,,,,,
Air State Facility,1472200263,U S INTERNAL REVENUE SERVICE,US INTERNAL REVENUE ADP CENTER,1040 WAVERLY AVE|SCTM# 200-891-2-9,HOLTSVILLE,11742,MICHAEL POLOCHAK,,,,U-BOILR,,"OXIDES OF NITROGEN, SULFUR DIOXIDE",,,,,,,,
Air State Facility,1472200278,WILLIAM FLOYD UNION FREE SCH DIST,WILLIAM FLOYD JR SR HIGH SCH & FIELDHOUSE,240 MASTIC BEACH RD,MASTIC BEACH,11951,HERBERT HODGE,,,,"U-00001, U-00002, U-00003, U-00004, U-00005, U-00006, U-00007, U-00008, U-00009",,OXIDES OF NITROGEN,,,,,,,,
Air State Facility,1472200557,ST CHARLES HOSPITAL & REHAB CTR,ST CHARLES HOSPITAL,200 BELLE TERRE RD,PORT JEFFERSON,11777,MICHAEL INGOGLIA,,,,U-FAC01,,"OXIDES OF NITROGEN, SULFUR DIOXIDE",,,,,,,,
Air Title V Facility,1472200574,NORTHVILLE INDUSTRIES CORP,"HOLTSVILLE TERMINAL, NORTHVILLE IND CORP",586 UNION AVE,HOLTSVILLE,11742,"RICHARD MARASAK, THOMAS MAUS",,"R, ZZZZ","A, K, Kb, XX","U-00001, U-00002, U-00003, U-00004, U-00005, U-00006","ACTIVATED CARBON ADSORPTION, THERMAL OXIDATION","40 CFR 60-63 - TOTAL ORGANIC COMPOUNDS (TOC), VOC",,,,,,,,
Air State Facility,1472200696,NORTHVILLE INDUSTRIES CORP,SETAUKET TERMINAL - NORTHVILLE IND CORP,19 BELLE MEADE RD,EAST SETAUKET,11733,THOMAS MAUS,,,,"U-00001, U-00002",,VOC,,,,,,,,
Air Title V Facility,1472200799,WEHRAN ENERGY CORP,BROOKHAVEN LANDFILL GAS RECOVERY FACILITY,350 HORSEBLOCK RD,YAPHANK,11980,WEHRAN ENERGY CORP,,ZZZZ,,U-00001,,"NMOC - LANDFILL USE ONLY, OXIDES OF NITROGEN",,,,,,,,
"Air Title V Facility, Title IV (Phase II Acid Rain)",1472200926,NEW YORK POWER AUTHORITY,RICHARD M FLYNN POWER PLANT,607 UNION AVE,HOLTSVILLE,11742,KOLLI M RAO,,,"A, GG",U-00001,"DRY LOW NOx BURNER, STEAM OR WATER INJECTION","CARBON DIOXIDE, CARBON MONOXIDE, OXIDES OF NITROGEN, PARTICULATES, PM-10, SULFUR DIOXIDE, VOC",,,,,,,,
Air Title V Facility,1472200967,GERSHOW RECYCLING CORP,GERSHOW RECYCLING CORP,71 PECONIC AVE,MEDFORD,11763,KEVIN G GERSHOWITZ,,,,"U-00001, U-00002","CATALYTIC REDUCTION, FABRIC FILTER, SINGLE CYCLONE",OXIDES OF NITROGEN,,,,,,,,
Air State Facility,1472201183,SUNDIAL ASPHALT COMPANY INC,SUNDIAL ASPHALT COMPANY INC,56 COMSEWOGUE RD,E SETAUKET,11733,IRISH HALLIWELL,,,I,0-00001,FABRIC FILTER,"OXIDES OF NITROGEN, PARTICULATES, SULFUR DIOXIDE",,,,,,,,
Air Title V Facility,1472202441,NISSEQUOGUE COGEN PARTNERS,NISSEQUOGUE COGEN PARTNERS PLANT,2099 SUNY@ STONY BROOK,STONY BROOK,11794,"GLEN STOCKHAUSEN, LISA PONGNON",,,"A, GG",1-00001,,"CARBON MONOXIDE, OXIDES OF NITROGEN, SULFUR DIOXIDE",,,,,,,,
Air State Facility,1472203465,LYDEL BROOKHAVEN ASPHALT CORPORATION,LYDEL BROOKHAVEN ASPHALT FACILITY,19B STIRIZ RD,BROOKHAVEN,11719,SCOTT KUBIK,,,I,"A-00001, A-00002",FABRIC FILTER,PARTICULATES,,,,,,,,
Air State Facility,1472204066,FRAMERICA CORP,FRAMERICA CORP,2 TODD CT,YAPHANK,11980,MURRAY TURNER,,,,"B-00001, B-00002, C-00001","FABRIC FILTER, INCINERATOR AFTERBURNER, SINGLE CYCLONE","CARBON MONOXIDE, FORMALDEHYDE, OXIDES OF NITROGEN, PARTICULATES, SULFUR DIOXIDE, VOC",,,,,,,,
"Air Title V Facility, Title IV (Phase II Acid Rain)",1472204133,"SHOREHAM ENERGY, LLC",SHOREHAM ENERGY LLC,227 N COUNTRY RD,SHOREHAM,11786,CHRIS GOODPASTURE,,,"A, GG",U-00001,SELECTIVE CATALYTIC REDUCTION (SCR),"AMMONIA, Electrical Output, OXIDES OF NITROGEN, SULFUR DIOXIDE",,,,,,,,
"Air Title V Facility, Title IV (Phase II Acid Rain)",1472204141,NATIONAL GRID PORT JEFFERSON ENERGY CENTER LLC,PORT JEFFERSON ENERGY CENTER,BEACH ST,PORT JEFFERSON,11777,ROBERT D TEETZ,,,"A, GG",U-GT002,"SELECTIVE CATALYTIC REDUCTION (SCR), STEAM OR WATER INJECTION","AMMONIA, CARBON DIOXIDE, CARBON MONOXIDE, Electrical Output, OXIDES OF NITROGEN, PM-10, SULFUR DIOXIDE",,,,,,,,
Air State Facility,1472204407,ALLEGHENY ENERGY SOLUTIONS INC,J KINGS FOOD SERVICE PROFESSIONALS GEN,700 FURROWS ROAD,HOLTSVILLE,11742,ALLEGHENY ENERGY SOLUTIONS INC,,,,E-00001,,"OXIDES OF NITROGEN, PARTICULATES, SULFUR DIOXIDE",,,,,,,,
"Air State Facility, Air Title V Facility, Title IV (Phase II Acid Rain)",1472204426,CAITHNESS LONG ISLAND LLC,CAITHNESS LONG ISLAND ENERGY CENTER,50 ZORN BLVD,SOUTH YAPHANK,11980,"GARY KEEVILL, THOMAS A GRACE",,,A,"U-00001, U-00002, U-00003, U00001","CATALYTIC OXIDATION, SELECTIVE CATALYTIC REDUCTION (SCR)","AMMONIA, CARBON MONOXIDE, OXIDES OF NITROGEN, PM-10, SULFUR DIOXIDE, SULFURIC ACID, VOC",,,,,,,,
Air State Facility,1472204474,SKYLINE LLC,SKYLINE LLC,COMSEWOGUE RD,EAST SETAUKET,11733,"DANIEL HALLIWELL, FRANK SCHAMBRA",,,,0-00001,,SULFUR DIOXIDE,,,,,,,,
Air State Facility,1472204513,MOUNT PLEASANT CEMETERY & CREMATORY,MOUNT PLEASANT CEMETERY & CREMATORY,1 OLD CEMETERY RD|SCTM 0200-830-02-28.1,CENTER MORICHES,11934,STEPHEN SCERRI,,,,1-PHII1,,PARTICULATES,,,,,,,,
Air Title V Facility,1472400345,NATIONAL GRID GENERATION LLC,EAST HAMPTON GT FACILITY,BUELL LN WEST OF COVE HOLLOW LN,EAST HAMPTON,11937,"PAUL A LYNCH, ROBERT D TEETZ",,,,"U-DG002, U-DG003, U-DG004, U-GT001",,"OXIDES OF NITROGEN, PARTICULATES",,,,,,,,
Air Title V Facility,1472600009,AMERICAN TECHNICAL CERAMICS,AMERICAN TECHNICAL CERAMICS,ONE NORDEN PL AND 10 & 15 STEPAR PL,HUNTINGTON STA,11746,"JANINE FERRANDIZ, KATHY KELLY",,T,,"0-10001, 0-10002, 0-10003, 0-10004, 1-00200, 1-00202, 1-00203, 1-00204, 1-50001, 1-50002, 1-50003, 1-50004, 1-50006, 1-50008, 1-50009, 1-50010, 1-50012, 1-50014, 1-50023, 1-50024, 1-50026, 1-50027, 1-50028, 1-50029","ELECTROSTATIC PRECIPITATOR, FABRIC FILTER",TRICHLOROETHYLENE,,,,,,,,
Air Title V Facility,1472600130,NATIONAL GRID GENERATION LLC,NORTHPORT POWER STATION,WATERSIDE AVE & EATONS NECK RD,NORTHPORT,11768,CATHY WAXMAN,,,D,"U-00001, U-00002, U-00003, U-00004, U-GT001, U-GT0S1",ELECTROSTATIC PRECIPITATOR,"CARBON DIOXIDE, OXIDES OF NITROGEN, PARTICULATES, SULFUR DIOXIDE",,,,,,,,
Air State Facility,1472600157,NEWSDAY LLC,NEWSDAY,235 PINELAWN RD,MELVILLE,11746,JOSEPH MARINO,,,,"1-00BLR, 1-LTHPR",,"SULFUR DIOXIDE, VOC",,,,,,,,
Air State Facility,1472600237,U S DEPT OF VETERANS AFFAIRS,NORTHPORT VA MEDICAL CENTER,79 MIDDLEVILLE RD.,NORTHPORT,11768,DAVID GOULD,,,,"1-00001, 1-00002, 1-00003",,"OXIDES OF NITROGEN, SULFUR DIOXIDE",,,,,,,,
Air Title V Facility,1472600258,POLY-PAK INDUSTRIES INC,POLY-PAK MFG PLANT,125 SPAGNOLI RD,MELVILLE,11747,MICHAEL LOSAK,,KK,,"0-00014, 0-00CFI","CATALYTIC OXIDATION, VAPOR RECOVERY SYS(INCL.CONDENSERS,HOODING, OTHER ENCLOSURES)",VOC,,,,,,,,
Air State Facility,1472600330,WESTHILLS SILICA SAND MINING CO,110 SAND CO,BETHPAGE--SPAGNOLI RD,MELVILLE,11746,"JAMES DEBIS, VIRGIL M PRICE, II",,,,U-00001,,OXIDES OF NITROGEN,,,,,,,,
Air State Facility,1472600490,110 SAND CO,110 SAND CLEAN FILL DISPOSAL SITE,136 BETHPAGE-SPAGNOLI RD,MELVILLE,11747,JASON GOLDEN,,,,U-00001,"FLARING, GAS SCRUBBER (GENERAL, NOT CLASSIFIED)","PM-10, SULFUR DIOXIDE, VOC",,,,,,,,
Air Title V Facility,1472600790,TOWN OF HUNTINGTON,HUNTINGTON RESOURCE RECOVERY FACILITY,99 TOWN LINE RD,E NORTHPORT,11731,"KAREN M STEPSUS, SCOTT WHEELER",,,Cb,1-MBMWC,"ACTIVATED CARBON INJECTION, DRY SPRAY ABSORPTION, FABRIC FILTER, SELECTIVE NON-CATALYTIC REDUCTION","2,3,7,8-TETRACHLORODIBENZO-P-DIOXIN, AMMONIA, ARSENIC, BERYLLIUM, CADMIUM, CARBON MONOXIDE, CHROMIUM, FORMALDEHYDE, HYDROGEN CHLORIDE, HYDROGEN FLUORIDE, LEAD, MANGANESE, MERCURY, NICKEL METAL AND INSOLUBLE COMPOUNDS, OXIDES OF NITROGEN, PARTICULATES, PM-10, POLYCHLORINATED BIPHENYL, POLYCYCLIC AROMATIC HYDROCARBONS, SULFUR DIOXIDE, SULFURIC ACID, VANADIUM, VOC, ZINC",,,,,,,,
Air State Facility,1472800111,CRESTWOOD METAL CO,CRESTWOOD METAL COMPANY,1100 LINCOLN AVE,HOLBROOK,11741,WILLIAM GOLDKIND,,RRR,,A-00001,DIRECT FLAME AFTERBURNER,"HAP, PARTICULATES",,,,,,,,
Air Title V Facility,1472800185,TOWN OF ISLIP,ISLIP MCARTHUR RESOURCE RECOVERY FACILITY,4001 VETERANS MEMORIAL HWY,RONKONKOMA,11779,"ANTHONY VARRICHIO, ERIC HOFMEISTER",,,"BBBB, Db","I-00002, I-00012","ACTIVATED CARBON INJECTION, AUXILIARY BURNER, DRY SPRAY ABSORPTION, FABRIC FILTER","2,3,7,8-TETRACHLORODIBENZO-P-DIOXIN, CADMIUM, CARBON MONOXIDE, HYDROGEN CHLORIDE, LEAD, MERCURY, OXIDES OF NITROGEN, PARTICULATES, SULFUR DIOXIDE, VOC",,,,,,,,
Air State Facility,1472800245,NYS OFFICE OF MENTAL HEALTH,NYS PILGRIM PSYCHIATRIC CENTER,998 CROOKED HILL RD,WEST BRENTWOOD,11717,"A SCOTT BARD, BOB RYAN",,JJJJJJ,"A, Dc, IIII",U-00002,,"OXIDES OF NITROGEN, SULFUR DIOXIDE",,,,,,,,
Air Title V Facility,1472800618,ALADDIN PACKAGING LLC,ALADDIN PACKAGING,40 RANICK RD,HAUPPAUGE,11788,ABE MANDEL,,,,0-000FP,CATALYTIC AFTERBURNER WITH HEAT,VOC,,,,,,,,
Air Title V Facility,1472800628,ISLIP RESOURCE RECOVERY AGENCY,BLYDENBURGH ROAD LANDFILL,440 BLYDENBURGH RD,ISLIP,11751,"ANTHONY VARRICHIO, THOMAS DUDO",,,,"1-MSWLF, 2-CNDLF",,,,,,,,,,
Air Title V Facility,1472801062,DISC GRAPHICS INC,DISC GRAPHICS FACILITY,10 GILPIN AVE,HAUPPAUGE,11788,MOH BACCHUS,,,,"0-00001, 0-00002",,"TOTAL HAP, VOC",,,,,,,,
Air Title V Facility,1472801128,MASON INDUSTRIES INC,MASON INDUSTRIES PROPERTY,350 RABRO DR,HAUPPAUGE,11788,HENRY F SMITH,,,,"0-00001, 0-00002, 000001",BAFFLE,"HAP, PARTICULATES, VOC",,,,,,,,
Air Title V Facility,1472801386,CEDAR GRAPHICS INC,CEDAR GRAPHICS IGI,1700 OCEAN AVE,RONKONKOMA,11779,DONALD JOSEPH,,,,"U-00001, U-00002, U00002",,VOC,,,,,,,,
Air Title V Facility,1472801480,BESTFOODS BAKING COMPANY,ENTENMANN'S BAKERY,1724 FIFTH AVE,BAYSHORE,11706,ROGER DREHER,,,,"U-AIRST, U-OVENS, U-WWTRP",,"BENZENE, DICHLOROBENZENE, ETHYLBENZENE, PARTICULATES, TOLUENE, VOC, XYLENE, M, O & P MIXT.",,,,,,,,
Air Title V Facility,1472803067,NEW YORK POWER AUTHORITY,BRENTWOOD PLANT,WITHIN PILGRIM STATE PROPERTY OFF SAGTIKOS STATE PKWY,ISLIP,,JOHN KAHABKA,,,"A, GG",1-00001,"CATALYTIC OXIDATION, SELECTIVE CATALYTIC REDUCTION (SCR)","AMMONIA, CARBON DIOXIDE, CARBON MONOXIDE, OXIDES OF NITROGEN, SULFUR DIOXIDE",,,,,,,,
"Air Title V Facility, Title IV (Phase II Acid Rain)",1472803244,EDGEWOOD ENERGY LLC,EDGEWOOD ENERGY LLC,998 CROOKED HILL RD,EDGEWOOD,11717,"CHRIS GOODPASTURE, KENNETH FORD",,,"A, GG",U-00001,"CATALYTIC AFTERBURNER, SELECTIVE CATALYTIC REDUCTION (SCR)","AMMONIA, CARBON DIOXIDE, CARBON DIOXIDE EQUIVALENTS, OXIDES OF NITROGEN, PM-10, SULFUR DIOXIDE",,,,,,,,
Air Title V Facility,1472804190,BEMIS COMPANY INC,BEMIS COMPANY INC,100 WILSHIRE BLVD,EDGEWOOD,11717,"ANDRE KRALJ, JESSICA PANZARELLA",,"KK, ZZZZ",,"0-7USTS, 1--EMRP, 1-EMRP, 1-PRINT","CATALYTIC AFTERBURNER WITH HEAT, THERMAL OXIDATION","OXIDES OF NITROGEN, TOTAL HAP, VOC",,,,,,,,
Air State Facility,1472804227,ASTRO ELECTROPLATING INC,ASTRO ELECTROPLATING INC,171 4TH AVE,BAY SHORE,11706,NEIL WEINSTEIN,,N,,U-00001,"SODIUM-ALKALI SCRUBBING, WETTING AGENT - CHEMICAL FUME","AMMONIUM HYDROXIDE, CHROMIC ACID, CHROMIUM(VI), HYDROGEN CHLORIDE, LEAD, NICKEL CHLORIDE, NICKEL METAL AND INSOLUBLE COMPOUNDS, NITRIC ACID, PALLADIUM CHLORIDE (PDC12) (8CI9CI), PARTICULATES, PEROXYDISULFURIC ACID ; DIPOTASSIUM SALT, POTASSIUM CYANIDE, SODIUM CYANIDE, SULFURIC ACID, SULFURIC ACID COPPER(2+)SALT(1:1) CU.H2O4S, SULFURIC ACID, NICKEL(2+) SALT (1:1), TIN",,,,,,,,
Air Title V Facility,1473000001,ADCHEM CORPORATION,ADCHEM CORPORATION,1852 OLD COUNTRY RD,RIVERHEAD,11901,"ADCHEM CORPORATION, JOHN J PUFAHL",,,RR,"U-00001, U-00002","ACTIVATED CARBON ADSORPTION, DIRECT FLAME AFTERBURNER WITH HEAT, FABRIC FILTER, SINGLE CYCLONE",VOC,,,,,,,,
Air State Facility,1473000023,UNITED RIVERHEAD TERMINAL INC,UNITED RIVERHEAD TERMINAL,212 SOUND SHORE RD,RIVERHEAD,11901,"SCOTT KAMM, TIMOTHY D RUTH",,,,"U-S0001, U-S0002, U-S0003, U-S0004, U-S0007",,"NITROGEN OXIDE- (USE 0NY210-00-0), VOC",,,,,,,,
Air State Facility,1473000185,SAWAYA AQUEBOGUE LLC,ALTAIRE PHARMACEUTICALS,311 WEST LN|SCTM 600-066-02-2.1,AQUEBOGUE,11931,MICHAEL SAWAYA,,,,"U-00001, U-00002, U-00003",,SULFUR DIOXIDE,,,,,,,,
Air State Facility,1473001303,OLD CASTLE RETAIL INC,BONSAL AMERICAN,931 BURMAN BLVD. |(4061-701 GRUMMAN BLVD - SCTM#,600-135-1-7.8),,KEN E BROWN,,,,"0-00001, 0-00002, 0-00003, 0-00004, 0-00005",FABRIC FILTER,"PARTICULATES, PM-10, SULFUR",,,,,,,,
Air State Facility,1473001303,OLD CASTLE RETAIL INC,BONSAL AMERICAN,931 BURMAN BLVD. |(4061-701 GRUMMAN BLVD - SCTM#,600-135-1-7.8),,"KEN E BROWN, LANSDALE B WILLIAMS, JR",,,,"0-00001, 0-00002, 0-00003, 0-00004, 0-00005",FABRIC FILTER,"PARTICULATES, PM-10",,,,,,,,
Air State Facility,1473400227,PALL RAI INC,PALL RAI MANUFACTURING COMPANY,225 MARCUS BLVD,HAUPPAUGE,11788,MARK MARCO,,,,1-PALLS,THERMAL OXIDATION,VOC,,,,,,,,
Air State Facility,1473400264,ST CATHERINE OF SIENA MEDICAL CENTER,ST CATHERINE OF SIENA MEDICAL CENTER,50 ROUTE 25A,SMITHTOWN,11787,"JAMES DREVAS, JAMES WILSON",,,,"U-00001, U-00002",CATALYTIC OXIDATION,"ETHYLENE GLYCOL DIMETHYL ETHER, ETHYLENE OXIDE, OXIDES OF NITROGEN",,,,,,,,
Air State Facility,1473400610,SUFFOLK ASPHALT SUPPLY INC,SUFFOLK ASPHALT SUPPLY INC,242 RABRO DR,HAUPPAUGE,11788,"ANTHONY SHAKESBY, JAMES HANEY",,,I,"U-00AP1, U-0FGTV","FABRIC FILTER, FIBERGLASS FILTER","CARBON MONOXIDE, OXIDES OF NITROGEN, PARTICULATES, SULFUR DIOXIDE, VOC",,,,,,,,
Air State Facility,1473400743,CARDINAL LLC,LONG ISLAND STERILIZATION,175 WIRELESS BLVD,HAUPPAUGE,11788,RON KRAMER,,O,,E-00001,"CATALYTIC OXIDATION, WET SCRUBBER",ETHYLENE OXIDE,,,,,,,,
Air State Facility,1473401810,TOWN OF SMITHTOWN,SMITHTOWN MUNICIPAL SERVICES FACILITY,85 OLD NORTHPORT RD,KINGS PARK,11754,"MICHAEL P ENGELMANN, RUSSELL K BARNETT",,,,"U-LNDFL, U-WDCPR",FLARING,OXIDES OF NITROGEN,,,,,,,,
Air State Facility,1473402102,NYS OFFICE OF GENERAL SERVICES,PERRY B DURYEA JR STATE OFFICE BUILDING,250 VETERANS MEMORIAL HWY,HAUPPAUGE,11788,WARREN YOUNG,,,JJJJ,"U-00001, U-00002",CATALYTIC REDUCTION,"CARBON MONOXIDE, OXIDES OF NITROGEN, VOC",,,,,,,,
Air State Facility,1473402210,JOSH PACKAGING INC,JOSH PACKAGING INC,245 MARCUS BLVD,HAUPPAUGE,11788,NEJAT RAHMANI,,,,U-00001,,"HAP, VOC",,,,,,,,
Air State Facility,1473402257,KETCHAM SUPPLY INC,KETCHAM SUPPLY INC,140 OLD NORTHPORT RD,KINGS PARK,11754,TOBY CARLSON,,ZZZZ,"I, JJJJ, OOO","1-CRUSH, 1-MIXER",FABRIC FILTER,"OXIDES OF NITROGEN, PARTICULATES, VOC",,,,,,,,
Air State Facility,1473600387,SOUTHAMPTON HOSPITAL,SOUTHAMPTON HOSPITAL,240 MEETING HOUSE LN,SOUTHAMPTON,11968,JOHN L LOETSCHER,,,,U-00001,,"OXIDES OF NITROGEN, SULFUR DIOXIDE",,,,,,,,
Air State Facility,1473600678,JOHN T MONTECALVO INC,JOHN T MONTECALVO INC,1217 SPEONK RIVERHEAD RD,SPEONK,11972,"JOHN MONTECALVO, JR",,,I,"0-00001, 0-00002",FABRIC FILTER,"CARBON MONOXIDE, OXIDES OF NITROGEN, PARTICULATES, SULFUR DIOXIDE, VOC",,,,,,,,
Air Title V Facility,1473601438,NATIONAL GRID GENERATION LLC,SOUTHAMPTON GT FACILITY,DAVID WHITES LN,SOUTHAMPTON,11968,PAUL A LYNCH,,,,"U-GT001, U-GT0S1",,"OXIDES OF NITROGEN, PARTICULATES, SULFUR DIOXIDE",,,,,,,,
Air State Facility,1473602523,SUFFOLK ASPHALT SUPPLY INC,SUFFOLK ASPHALT SUPPLY INC,100 ROGERS AVE EXT,WESTHAMPTON BEACH,11978,ANTHONY SHAKESBY,,,I,"A-00020, A-00030",FABRIC FILTER,"CARBON MONOXIDE, OXIDES OF NITROGEN, PARTICULATES, SULFUR DIOXIDE, VOC",,,,,,,,
Air State Facility,1473603683,BIDE A WEE HOME ASSOCIATION,BIDE A WEE,118 OLD COUNTRY RD,WESTHAMPTON,11977,FRANK PIZZOLO,,,,1-BL500,,PARTICULATES,,,,,,,,
Air State Facility,1473800006,CORAZZINI BROTHERS INC,CORAZZINI BROTHERS INC,67240 RT 25 MAIN RD,GREENPORT,11944,"JOHN J PION, RICHARD CORAZZINI",,,I,0-00001,FABRIC FILTER,"OXIDES OF NITROGEN, PARTICULATES, SULFUR DIOXIDE, VOC",,,,,,,,
Air State Facility,1473800028,US DEPT OF HOMELAND SECURITY,PLUM ISLAND ANIMAL DISEASE CTR,BUILDING 102: WASTEWATER EFFLUENT DECONTAMINATION,SYSTEM (EDS),,CHARLES WENDEROTH,,,"A, Dc","1-101EO, 1-101WE, 1-109BL, 1-109EG",,"OXIDES OF NITROGEN, PARTICULATES, SULFUR DIOXIDE",,,,,,,,
Air Title V Facility,1473800455,NATIONAL GRID GENERATION LLC,SOUTHOLD GT FACILITY,ST RTE 25 - W OF CHAPEL LN,SOUTHOLD,11944,PAUL A LYNCH,,,,"U-GT001, U-GT0S1",,"OXIDES OF NITROGEN, PARTICULATES, SULFUR DIOXIDE",,,,,,,,
"Air Title V Facility, Title IV (Phase II Acid Rain)",1473803119,HAWKEYE ENERGY GREENPORT LLC,GREENPORT GENERATING FACILITY,1885 MOORES LN|SCTM # 1001-40-4-1.1,GREENPORT,11944,"JOHN REYNOLDS, MICHAEL J GIARRATANO",,,"A, GG",U-00001,"CATALYTIC REDUCTION, SELECTIVE CATALYTIC REDUCTION (SCR)","AMMONIA, CARBON MONOXIDE, OXIDES OF NITROGEN, PARTICULATES, SULFUR",,,,,,,,
Air State Facility,1473803206,VILLAGE OF GREENPORT,GREENPORT POWER PLANT,236 THIRD ST,GREENPORT,11944,"ROBERT HARVEY, STEVEN BRAUTIGAM",,,,U-00001,,"CARBON MONOXIDE, OXIDES OF NITROGEN",,,,,,,,
Air State Facility,1473803923,CONNECTICUT MUNICIPAL ELECTRIC ENERGY COOPERATIVE,FISHERS ISLAND UTILITY COMPANY,1866 CENTRAL AVENUE,FISHERS ISLAND,06390,"ROBERT WALL, JR, THOMAS SOLINSKY",,,IIII,U-RICE1,"PARTICULATE TRAP, SELECTIVE CATALYTIC REDUCTION (SCR)","CARBON MONOXIDE, OXIDES OF NITROGEN, PARTICULATES, VOC",,,,,,,,
Air State Facility,2600100023,CENTURY TOWER ASSOCIATES NY LLC,CENTURY TOWER ASSOCIATES NY LLC,2600 NETHERLAND AVE,BRONX,10463,DION KEENE,,,,U-00001,,"OXIDES OF NITROGEN, PARTICULATES",,,,,,,,
Air Title V Facility,2600100028,TRACEY TOWERS ASSOCIATES,TRACEY TOWERS,20 W MOSHOLU PKWY S,BRONX,10468,DANIEL V DURANTE,,,"A, Dc","U-C0001, UC0001",,"OXIDES OF NITROGEN, PARTICULATES, SULFUR DIOXIDE",,,,,,,,
Air Title V Facility,2600100031,AMALGAMATED HOUSING CORPORATION,AMALGAMATED HOUSING-130 GALE PL,130 GALE PL,BRONX,10463,PATRICIA J GOLDWATER,,,"A, Dc",A-00001,,"OXIDES OF NITROGEN, PARTICULATES, SULFUR DIOXIDE",,,,,,,,
Air State Facility,2600100202,PROMENADE ASSOCIATES,PROMENADE ASSOCIATES,150 W 225TH ST,NEW YORK,10463,ROBERT VACCARELLO,,,,E-00001,,PARTICULATES,,,,,,,,
Air Title V Facility,2600200055,NYC HEALTH & HOSPITALS CORP,NORTH CENTRAL BRONX HOSPITAL,3424 KOSSUTH AVE,BRONX,10467,"DENNIS STIVELLA, JOHN PETRIELLO",,,"A, Dc","U-00001, U00001",,"OXIDES OF NITROGEN, PARTICULATES, SULFUR DIOXIDE",,,,,,,,
Air State Facility,2600200062,PECKHAM MATERIALS CORP,PECKHAM MATERIALS CORP PLANT # 22,3966 PROVOST AVE,BRONX,10466,ROBERT YAREMKO,,,"A, I","0-FUGIT, 1-DBDDC",FABRIC FILTER,"OXIDES OF NITROGEN, PARTICULATES",,,,,,,,
Air State Facility,2600200085,MONTEFIORE MEDICAL CENTER,MONTEFIORE MEDICAL CENTER - NORTH DIVISION,600 E 233RD ST,BRONX,10466,EDWARD PFLEGING,,,,U-00001,,OXIDES OF NITROGEN,,,,,,,,
Air Title V Facility,2600200105,MONTEFIORE MEDICAL CENTER,MONTEFIORE MEDICAL CTR-111 E 210TH ST,111 E 210TH ST,BRONX,10467,EDWARD PFLEGING,,ZZZZ,"A, Dc, GG","U-00001, U-00002, U-C0003, U00001","CATALYTIC OXIDATION, CATALYTIC REDUCTION, MOVING BED DRY SCRUBBER","CARBON MONOXIDE, ETHYLENE OXIDE, OXIDES OF NITROGEN, PARTICULATES, SULFUR DIOXIDE, TOTAL HAP",,,,,,,,
Air State Facility,2600200226,NYC HOUSING AUTHORITY,NYC HA EDENWALD HOUSES-1170 229TH DR SO,1170 229TH DR S,BRONX,10466,CHRIS HAUN,,JJJJJJ,Dc,V-C0001,,OXIDES OF NITROGEN,,,,,,,,
Air State Facility,2600200407,XXXXXX X XXXXXXX,REDA CLEANERS,800 ALLERTON AVE,BRONX,10467,MICHAEL RAGUSA,,,,A-00001,,STODDARD SOLVENT,,,,,,,,
Air State Facility,2600200465,EASTCHESTER HEIGHTS LP,EASTCHESTER HEIGHTS,3480 SEYMOUR AVE,BRONX,10469,DAVID WOODRUFF,,,Dc,"U-00001, U-00002, U-00003, U-00004, U-00005",,OXIDES OF NITROGEN,,,,,,,,
Air Title V Facility,2600300038,RIVERBAY CORP,RIVERBAY CORP-CO-OP CITY,2049 BARTOW AVE,BRONX,10475,BRIAN REARDON,,ZZZZ,"A, Db, Dc, GG, IIII","U-00001, U-00002, U-00003, U-00004, U-00006, U-00007, U00001, U00002, U00003, U00004, U00006","LOW NOX BURNERS, FLUE GAS, SELECTIVE CATALYTIC REDUCTION (SCR)","AMMONIA, CARBON MONOXIDE, OXIDES OF NITROGEN, PARTICULATES, PM-10, SULFUR DIOXIDE, SULFURIC ACID, VOC",,,,,,,,
Air State Facility,2600400065,U S DEPT OF VETERANS AFFAIRS,JAMES J PETERS VA MEDICAL CENTER,130 W KINGSBRIDGE RD,BRONX,10468,MICHAEL ONG,,"JJJJJJ, ZZZZ",IIII,"1-00001, 1-00002, 1-00003, 1-00004, 1-00005, 1-00006, 100002, 2-00000, E-00007","GAS SCRUBBER (GENERAL, NOT CLASSIFIED), THERMAL OXIDATION","ETHYLENE OXIDE, OXIDES OF NITROGEN, PARTICULATES",,,,,,,,
Air State Facility,2600400079,G A L MFG CORP,G.A.L. MANUFACTURING CO - 50 E 153RD ST,50 E 153RD ST,BRONX,10451,KERMIT HOFFMAN,,T,,"0-0000C, 0-0000D",BAFFLE,"HAP, TRICHLOROETHYLENE, VOC",,,,,,,,
Air State Facility,2600400089,CITY UNIVERSITY OF NEW YORK,LEHMAN COLLEGE-BEDFORD PK BLVD W,250 BEDFORD PARK BLVD WEST,BRONX,10468,"MICHAEL A SPATH, RENE M ROTOLO",,"JJJJJJ, ZZZZ","Dc, IIII","U-00002, U-NEW01","VAPOR COLLECTION (STAGE 1), VAPOR COLLECTION (STAGE 2)","GASOLINE, OXIDES OF NITROGEN",,,,,,,,
Air State Facility,2600400092,NYC HEALTH & HOSPITALS CORP,LINCOLN MEDICAL AND MENTAL HEALTH CENTER,234 EAST 149TH ST,BRONX,10451,EDWARD ZAMMETT,,,Dc,"U-00001, U-00002",,"ETHYLENE OXIDE, OXIDES OF NITROGEN, SULFUR DIOXIDE",,,,,,,,
Air State Facility,2600400099,FORDHAM HILL OWNERS CORP,FORDHAM HILL OWNERS CORP,2421 WEBB AVENUE,BRONX,10468,GILDARDO ARBELAEZ,,,Dc,G-00001,,"OXIDES OF NITROGEN, PARTICULATES",,,,,,,,
Air State Facility,2600400100,JEWISH HOME AND HOSPITAL FOR AGED,THE JEWISH HOME AND HOSPITAL-BRONX DIVISION,100 WEST KINGSBRIDGE RD,BRONX,10468,"EUGENE HOLLAND, JESUS BAUTISTA",,"JJJJJJ, ZZZZ","Dc, IIII, JJJJ","U-00001, U-00002, U-00003, U-00004, U-00005",,"OXIDES OF NITROGEN, SULFUR DIOXIDE",,,,,,,,
Air State Facility,2600400119,INSIGNIA RESIDENTIAL GROUP,EXECUTIVE TOWERS-1020 GRAND CONCOURSE,1020 GRAND CONCOURSE,BRONX,10451,TUDOR REALTY SERVICES CORP,,,,U-C0001,,OXIDES OF NITROGEN,,,,,,,,
Air State Facility,2600400346,NYC DEPT OF CITYWIDE ADMINISTRATIVE SERV,MARIO MERIOLA BRONX CO BLDG,851 GRAND CONCOURSE,BRONX,10451,GEORGE SULTANA,,JJJJJJ,Dc,0-00001,,OXIDES OF NITROGEN,,,,,,,,
Air Title V Facility,2600500011,NYC HEALTH & HOSPITALS CORP,NYC-HH - JACOBI MEDICAL CTR,50 EASTCHESTER RD & PELHAM PKWY SOUTH,BRONX,10461,ARTHUR WANEK,,,"A, Dc","U-00001, U-00002, U-00003, U-00004, U00001, U00003",CATALYTIC REDUCTION,"ETHYLENE OXIDE, OXIDES OF NITROGEN, PARTICULATES, SULFUR DIOXIDE",,,,,,,,
Air State Facility,2600500115,NYS OFFICE OF MENTAL HEALTH,BRONX PSYCHIATRIC CENTER,1500 WATERS PL,BRONX,10461,"A SCOTT BARD, DAVID SCHOTT",,"JJJJJJ, ZZZZ","Dc, IIII","U-NB001, U-NG001",,OXIDES OF NITROGEN,,,,,,,,
Air Title V Facility,2600500115,NYS OFFICE OF MENTAL HEALTH,BRONX PSYCHIATRIC CENTER,1500 WATERS PL,BRONX,10461,"A SCOTT BARD, JAKE KOHENAK",,,,U-EU001,,"OXIDES OF NITROGEN, PARTICULATES",,,,,,,,
Air Title V Facility,2600500125,WILDLIFE CONSERVATION SOCIETY,BRONX ZOO,2300 SOUTHERN BLVD,BRONX,10460,"BRENDA BURBACH, TRACEY KNUCKLES",,WWWWW,IIII,"1-00001, C-00001, E-00001, G-00001, S-00001",,"ETHYLENE OXIDE, OXIDES OF NITROGEN, PARTICULATES",,,,,,,,
Air Title V Facility,2600500133,YESHIVA UNIVERSITY,ALBERT EINSTEIN COLLEGE OF MEDICINE,1300 MORRIS PARK AVE,BRONX,10461,RICHARD CIVITANO,,ZZZZ,"A, Dc, IIII","U-00001, U-00002, U-00003",,"OXIDES OF NITROGEN, PARTICULATES, SULFUR DIOXIDE",,,,,,,,
Air Title V Facility,2600500139,PARKCHESTER SOUTH CONDOMINIUM,PARKCHESTER SOUTH CONDOMINIUM,2020 E TREMONT AVE,BRONX,10462,"JOSEPH TORTORELLI, VINCENT PANETTIERI",,,,U-00001,,"OXIDES OF NITROGEN, PARTICULATES, SULFUR DIOXIDE",,,,,,,,
Air State Facility,2600500148,BRONX LEBANON HOSPITAL CENTER,BRONX LEBANON HOSPITAL,1650 GRAND CONCOURSE,BRONX,10457,HIRAM TORRES,,,,U-C0000,,OXIDES OF NITROGEN,,,,,,,,
Air State Facility,2600500179,BRONX LEBANON HOSPITAL CENTER,BRONX LEBANON HOSPITAL CTR,1276 FULTON AVE,BRONX,10456,HIRAM TORRES,,,Dc,"U-001FR, U-FT000",,"OXIDES OF NITROGEN, SULFUR DIOXIDE",,,,,,,,
Air State Facility,2600500183,PERRIGO NEW YORK INC,PERRIGO NEW YORK INC-1700 BATHGATE AVE,1700 BATHGATE AVE,BRONX,10457,SOPHIE NAFTALOVICH,,,,"0-70001, 0-70002, 0-70003, 0-70004, 0-71001",FABRIC FILTER,"PARTICULATES, VOC",,,,,,,,
Air Title V Facility,2600500232,ST BARNABAS HOSPITAL,ST BARNABAS HOSPITAL,183RD ST & 3RD AVE,BRONX,10457,"JOHN DIGIROLOMO, MICHAEL CHIAPPONE",,"JJJJJJ, ZZZZ","Dc, IIII","U-00001, U-000E1",,"OXIDES OF NITROGEN, PARTICULATES",,,,,,,,
Air Title V Facility,2600500556,FORDHAM UNIVERSITY,FORDHAM UNIVERSITY,441 E FORDHAM RD,BRONX,10458,JOHN D PUGLISI,,ZZZZ,,"1-THBLR, 2-MCBLR, 3-DSPTH",,"OXIDES OF NITROGEN, PARTICULATES",,,,,,,,
Air State Facility,2600500864,NYC TRANSIT AUTHORITY,NYCT WEST FARMS BUS DEPOT,1100 E 177TH ST,BRONX,10460,JENNIFER WUOTINEN,,"JJJJJJ, ZZZZ",Dc,"U-00001, U-00002, U-00003",,"CARBON DIOXIDE EQUIVALENTS, OXIDES OF NITROGEN",,,,,,,,
Air State Facility,2600600011,STATE UNIVERSITY OF NEW YORK,MARITIME COLLEGE-FORT SCHUYLER,6 PENNYFIELD AVE,BRONX,10465,WILLIAM RUEGER,,JJJJJJ,Dc,U-00001,,OXIDES OF NITROGEN,,,,,,,,
Air State Facility,2600700025,NYC DEPT OF ENVIRONMENTAL PROTECTION,NYC-DEP HUNTS PT WPCP,COSTER ST & RYAWA AVE,BRONX,10474,VINCENT SAPIENZA,,,"Dc, IIII","1-BLERS, 2-WWTRE, 3-SLUDG, 4-WDGBR, 5-MISCS, T-BOILE","ACTIVATED CARBON ADSORPTION, WET SCRUBBER","HAP, OXIDES OF NITROGEN, SULFUR DIOXIDE, VOC",,,,,,,,
Air State Facility,2600700130,HESS CORPORATION,HESS CORP - BRONX TERMINAL,1040 E 149TH ST,BRONX,10455,JOHN GEITNER,,,,"U-00001, U-00002, U-00003, U-00004",,"OXIDES OF NITROGEN, VOC",,,,,,,,
Air Title V Facility,2600700190,CONSOLIDATED EDISON COMPANY OF NEW YORK INC,HUNTS POINT AVENUE COMPRESSOR STATION,332 HUNTS POINT AVE,BRONX,10474,FEMI OGUNSOLA,,,"Dc, GG","H-P0005, H-P0006",,"OXIDES OF NITROGEN, SULFUR DIOXIDE",,,,,,,,
Air State Facility,2600700245,JAMIE TOWERS HOUSING CO INC,JAMIE TOWERS,2070 SEWARD AVE,BRONX,10473,JAMIE TOWERS HOUSING CO INC,,JJJJJJ,Dc,U-C0001,,"OXIDES OF NITROGEN, PARTICULATES",,,,,,,,
Air Title V Facility,2600700259,NYC DEPT OF CORRECTION,NYC-DOC - RIKERS ISLAND,17-25 HAZEN ST,EAST ELMHURST,11370,"CURTIS PIERRE, GREGORY MCLAUGHLIN",,,"A, Dc, IIII, KKKK","U-00001, U-00002, U-00003, U-00009, U-00010, U-00011, U00001, U00002, U00003",,"OXIDES OF NITROGEN, PARTICULATES, PM-10, SULFUR DIOXIDE, VOC",,,,,,,,
Air State Facility,2600700356,BOULEVARD STORY LLC,BOULEVARD STORY LLC,2001 STORY AVE,BRONX,10473,,,,,G-00001,,,,,,,,,,
Air State Facility,2600700360,STEVENSON COMMONS ASSOCIATES LP,755 WHITE PLAINS ROAD BUILDING,755 WHITE PLAINS ROAD,BRONX,10473,BARBARA TILLMAN,,JJJJJJ,Dc,"C-00001, C-00002",,OXIDES OF NITROGEN,,,,,,,,
Air State Facility,2600700364,UNDERHILL REALTY LLC,LELAND HOUSE,945 UNDERHILL AVE,BRONX,10473,MEIR BOUSKILA,,,Dc,G-00001,,"OXIDES OF NITROGEN, PARTICULATES",,,,,,,,
Air Title V Facility,2600700724,NEW YORK POWER AUTHORITY,HELL GATE,E 132ND TO E 134TH ST|LOCUST AVE TO EAST RIVER,BRONX,,JOHN KAHABKA,,,"A, GG",1-00001,"CATALYTIC OXIDATION, SELECTIVE CATALYTIC REDUCTION (SCR)","AMMONIA, CARBON MONOXIDE, Electrical Output, OXIDES OF NITROGEN, SULFUR DIOXIDE",,,,,,,,
Air Title V Facility,2600700726,NEW YORK POWER AUTHORITY,HARLEM RIVER YARDS PLANT,E 132ND ST & PC/RR R/R,BRONX,10454,JOHN KAHABKA,,,"A, GG",1-00001,"CATALYTIC OXIDATION, SELECTIVE CATALYTIC REDUCTION (SCR)","AMMONIA, CARBON MONOXIDE, Electrical Output, OXIDES OF NITROGEN, SULFUR DIOXIDE",,,,,,,,
Air State Facility,2600700792,NEW YORK POST,THE NEW YORK POST,900 E 132ND ST,BRONX,10454,KRIS SOCIA,,,,"U-00001, U-00002",,"OXIDES OF NITROGEN, VOC",,,,,,,,
Air State Facility,2609900011,NYC DEPT OF ENVIRONMENTAL PROTECTION,CROTON WATER TREATMENT PLANT,VAN COURTLANDT PK S/W GUNHILL RD/JEROME AVE/VAN COURTLANDT PK,E,,"MICHAEL BORSYKOWSKY, NYC DEPT OF ENVIRONMENTAL PROTECTION",,,,1-BLERS,,OXIDES OF NITROGEN,,,,,,,,
Air Title V Facility,2610100016,N A P INDUSTRIES INC,NAP - KENT AVENUE FACILITY,667 KENT AVE,BROOKLYN,11249,MORRIS LOWY,,KK,,"0-00CFI, 000CFI",CATALYTIC AFTERBURNER WITH HEAT,"HAP, VOC",,,,,,,,
Air Title V Facility,2610100025,NYC DEPT OF ENVIRONMENTAL PROTECTION,NEWTOWN CREEK WASTEWATER TREATMENT PLANT,329-69 GREENPOINT AVE,BROOKLYN,11222,VINCENT SAPIENZA,,,Dc,"1-BLERS, 2-WWTRE, 3-NSLUD, 3-SLUDG, 4-RESID, 5-MISCS, 6-FLARE, 7-GTURB","ACTIVATED CARBON ADSORPTION, CATALYTIC OXIDATION","HYDROGEN SULFIDE, OXIDES OF NITROGEN, PARTICULATES, SULFUR DIOXIDE, TOTAL HAP, VOC",,,,,,,,
Air Title V Facility,2610100042,CONSOLIDATED EDISON COMPANY OF NEW YORK INC,CON EDISON - HUDSON AVE STATION,1 HUDSON AVE,BROOKLYN,11201,FEMI OGUNSOLA,,,,H-A0005,,"OXIDES OF NITROGEN, PARTICULATES",,,,,,,,
Air State Facility,2610100042,CONSOLIDATED EDISON COMPANY OF NEW YORK INC,CON EDISON - HUDSON AVE STATION,1 HUDSON AVE,BROOKLYN,11201,FEMI OGUNSOLA,,,,,,"CARBON MONOXIDE, OXIDES OF NITROGEN, PARTICULATES, PM 2.5, PM-10, SULFUR DIOXIDE, VOC",,,,,,,,
Air Title V Facility,2610100055,BP PRODUCTS NORTH AMERICA INC,BP PRODUCTS N AMERICA BROOKLYN TERMINAL,125 APOLLO ST,BROOKLYN,11222,"ERIC W SAUERMAN, ROBERT TWORKOWSKI",,"BBBBBB, R, WW, ZZZZ","A, Kb, XX","U-DRACK, U-GRACK, U-TANKS, UGRACK, UTANKS","FLOATING ROOF, VAPOR RECOVERY SYSTEM (VAPORADSORPTION/ABSORPTION UNIT)","BENZENE, HAP, HEXANE, TOLUENE, VOC, XYLENE, M, O & P MIXT.",,,,,,,,
Air Title V Facility,2610100071,BROOKLYN UNION GAS CO,GREENPOINT ENERGY CTR,287 MASPETH AVE,BROOKLYN,11211,CATHY WAXMAN,,,,"0-U534A, 0-U534B, 0-U534C, U-1404A, U-1404B, U-2404A, U-2404B, U-7404A, U-7404B, U-7404C, U-7404D, U-CNG01, U-MTOP1",,"OXIDES OF NITROGEN, VOC",,,,,,,,
Air State Facility,2610100093,UNITED METRO ENERGY CORP,UNITED METRO TERM-498 KINGSLAND AVE,498 KINGSLAND AVE,BROOKLYN,11222,DANIEL M GIANFALLA,,R,"K, XX","0-U2VRU, U-00004, U-00007, U-00008, U-00023, U-00024, U-00025, U-0006A, U-0007A, U-0008A, U-0021A, U-0022A, U-0023A, U-0024A, U-0025A, U-0026A","CONSERVATION VENT, FLOATING ROOF, VAPOR RECOVERY SYS(INCL.CONDENSERS,HOODING, OTHER ENCLOSURES)","GASOLINE, TOTAL HAP, VOC",,,,,,,,
Air Title V Facility,2610100105,ARC TERMINALS NEW YORK HOLDINGS LLC,MOTIVA ENTERPRISES LLC,25 PAIDGE AVE,BROOKLYN,11222,SHAUN KIZEWSKI,,"BBBBBB, R","A, XX","U-00VRU, U-ADTNK, U-GTANK","ACTIVATED CARBON ADSORPTION, FLOATING ROOF","BENZENE, HEXANE, METHYL TERTBUTYL ETHER, TOLUENE, TOTAL HAP, VOC, XYLENE, M, O & P MIXT.",,,,,,,,
Air State Facility,2610100152,AMERICAN SUGAR REFINING INC,AMERICAN SUGAR REFINING INC,266 KENT AVE,BROOKLYN,11211,"DANIEL S MACONE, THE AMERICAN SUGAR REFINING COMPANY INC",,,,,,,,,,,,,,
Air Title V Facility,2610100185,BROOKLYN NAVY YARD COGENERATION PARTNERS,BROOKLYN NAVY YARD COGENERATION PLANT,"BROOKLYN NAVY YARD, 63 FLUSHING AVE|BLDG 41 UNIT #234",BROOKLYN,11205,CHRISTOPHER TRABOLD,,,"A, GG","U-00001, U-00002, U-00003, U-00004","DRY LOW NOx BURNER, SELECTIVE CATALYTIC REDUCTION (SCR)","AMMONIA, CARBON MONOXIDE, OXIDES OF NITROGEN, PM-10, SULFUR DIOXIDE, VOC",,,,,,,,
Air State Facility,2610100253,NYC DEPT OF CITYWIDE ADMINISTRATIVE SERV,BROOKLYN SUPREME COURT,360 ADAMS ST,BROOKLYN,11201,JOSEPH WAGNER,,JJJJJJ,Dc,G-00001,,OXIDES OF NITROGEN,,,,,,,,
Air State Facility,2610100310,NYC HEALTH & HOSPITALS CORP,NYC-HH - CUMBERLAND TREATMENT & DIAGNOSTIC CENTER,100 N PORTLAND AVE,BROOKLYN,11205,DANIEL ARROYO,,,,U-00001,,OXIDES OF NITROGEN,,,,,,,,
Air State Facility,2610100349,NYC ENERGY LLC,NISA ELECTRIC GENERATION PROJECT,BROOKLYN NAVY YARD-WALLABOUT CHANNEL,BROOKLYN,11205,NYC ENERGY LLC,,,"A, GG",0-00001,"CATALYTIC OXIDATION, SELECTIVE CATALYTIC REDUCTION (SCR)","CARBON MONOXIDE, OXIDES OF NITROGEN, PARTICULATES, SULFUR DIOXIDE",,,,,,,,
Air State Facility,2610100369,GMD SHIPYARD CORP,G M D SHIPYARD - BROOKLYN NAVY YARD,BROOKLYN NAVY YARD BLDG 595,BROOKLYN,11205,MICHAEL CRANSTON,,,,U-SC001,,"TOTAL HAP, VOC",,,,,,,,
Air State Facility,2610100371,BROOKLYN NAVY YARD DEVELOPMENT CORP,BROOKLYN NAVY YARD-BLDG 41A 234,BROOKLYN NAVY YARD/BLDGS 41A 234 270 275 121,BROOKLYN,,NICHOLAS A MANN,,,,"0-C0001, 0-C0002, 0-C0003, 0-C0004, 0-C0005",,OXIDES OF NITROGEN,,,,,,,,
Air Title V Facility,2610100381,COGEN CORP,COGEN CORP-111 LIVINGSTON ST,111 LIVINGSTON ST,BROOKLYN,11201,"DAVID MARCUS, LOUIS STAHL",,,,"0-00001, 0-00002","AIR INJECTION, CATALYTIC REDUCTION","OXIDES OF NITROGEN, PARTICULATES",,,,,,,,
Air State Facility,2610100391,POLYTECHNIC UNIVERSITY,POLYTECHNIC UNIVERSITY,6 METRO TECH CENTER,BROOKLYN,11201,ANNIE CARINO,,,Dc,U-00001,,"OXIDES OF NITROGEN, SULFUR DIOXIDE",,,,,,,,
Air State Facility,2610100393,STATE UNIVERSITY OF NEW YORK,SUNY DOWNSTATE MEDICAL CENTER AT LICH,339 HICKS ST,BROOKLYN,11201,THOMAS V FARRELL,,,,U-00001,,OXIDES OF NITROGEN,,,,,,,,
Air State Facility,2610100458,KENT VILLAGE HOUSING CO INC,541 WYTHE AVENUE BUILDING,541 WYTHE AVENUE,BROOKLYN,11211,JOHN CAMERON,,,,G-00001,,OXIDES OF NITROGEN,,,,,,,,
Air State Facility,2610100600,CLINTON HILL APARTMENTS OWNERS CORP,201 CLINTON AVE BUILDING,201 CLINTON AVE,BROOKLYN,11205,ED FRIEDMAN,,,Dc,U-00001,,OXIDES OF NITROGEN,,,,,,,,
Air Title V Facility,2610101077,NEW YORK POWER AUTHORITY,N 1ST STREET PLANT,N 1ST ST & RIVER ST,BROOKLYN,,JOHN KAHABKA,,,"A, GG",1-00001,"CATALYTIC OXIDATION, SELECTIVE CATALYTIC REDUCTION (SCR)","AMMONIA, CARBON MONOXIDE, OXIDES OF NITROGEN, SULFUR DIOXIDE",,,,,,,,
Air State Facility,2610101138,PRATT INSTITUTE,PRATT INSTITUTE HEATING PLANT,200 WILLOUGHBY AVENUE,BROOKLYN,11205,CONRAD MILSTER,,,Dc,U-00001,,,,,,,,,,
Air State Facility,2610101151,LEHIGH PORTLAND CEMENT CO,LEHIGH CEMENT COMPANY,"BROOKLYN NAVY YARD, PIER K|FLUSHING AVENUE & CUMBERLAND",STREET,,JOSEPH LONARDO,,,,"1-ENG01, C-EMENT",PROCESS ENCLOSED (ENCLOSURE),"OXIDES OF NITROGEN, PARTICULATES",,,,,,,,
Air State Facility,2610101278,UNITED BIOFUELS INC,UNITED BIOFUELS INC - 435 GREENPOINT AVE,435 GREENPOINT AVE,BROOKLYN,11222,TIMOTHY D RUTH,,ZZZZ,"Dc, JJJJ","U-000B1, U-000G1, U-0BFPF","REFRIGERATED CONDENSER, TUBE AND SHELL CONDENSER","METHYL ALCOHOL, OXIDES OF NITROGEN, SULFUR DIOXIDE",,,,,,,,
Air State Facility,2610200004,HESS CORPORATION,HESS CORP - BROOKLYN TERMINAL,722 COURT ST & GOWANUS CREEK,BROOKLYN,11231,OLEG KROTOFF,,,,"U-00001, U-00002, U-00003",,"HAP, OXIDES OF NITROGEN, VOC",,,,,,,,
Air Title V Facility,2610200005,NYC DEPT OF ENVIRONMENTAL PROTECTION,OWLS HEAD WASTEWATER TREATMENT PLANT,6700 SHORE RD,BROOKLYN,11220,"DIANE HAMMERMAN, VINCENT SAPIENZA",,"JJJJJJ, VVV, ZZZZ",,"1-COMBU, 2-WWTRE",ACTIVATED CARBON ADSORPTION,"CARBON MONOXIDE, OXIDES OF NITROGEN, PARTICULATES, PM 2.5, VOC",,,,,,,,
Air State Facility,2610200010,NYC DEPT OF SANITATION,NYC-DOS HAMILTON AVENUE MTS,HAMILTON AVE & GOWANUS CANAL,BROOKLYN,11232,DENNIS DIGGINS,,,,,,"OXIDES OF NITROGEN, PARTICULATES",,,,,,,,
Air State Facility,2610200079,NYC TRANSIT AUTHORITY,NYC-TA JACKIE GLEASON BUS DEPOT & 38TH ST YARD,871 5TH AVE,BROOKLYN,11232,FRANCINE MAIBAUER,,ZZZZ,,"U-00001, U-00002, U-00003",FABRIC FILTER,"CARBON DIOXIDE EQUIVALENTS, OXIDES OF NITROGEN, PARTICULATES, VOC",,,,,,,,
Air Title V Facility,2610200086,ASTORIA GENERATING COMPANY LP,NARROWS GENERATING STATION,53RD ST & FIRST AVE|4 WHALE SQUARE,BROOKLYN,11232,LUKE DERYCHOWSKI,,,,"N-A0005, N-A0006",,"OXIDES OF NITROGEN, PARTICULATES, SULFUR DIOXIDE",,,,,,,,
Air Title V Facility,2610200116,ASTORIA GENERATING COMPANY LP,GOWANUS GENERATING STATION,29TH ST & 2ND AVE,BROOKLYN,11232,DANIEL LACHMAN,,,"A, KKKK",G-00001,"CATALYTIC OXIDATION, SELECTIVE CATALYTIC REDUCTION (SCR), WATER INJECTION","AMMONIA, CARBON MONOXIDE, LEAD, OXIDES OF NITROGEN, PARTICULATES, PM 2.5, PM-10, SULFUR DIOXIDE, VOC",,,,,,,,
Air Title V Facility,2610200482,NEW YORK POWER AUTHORITY,NYPA JOSEPH J SEYMOUR - 23RD ST & 3RD AVE,730 3RD AVE,BROOKLYN,11232,JOHN KAHABKA,,,"A, GG",1-00001,"CATALYTIC OXIDATION, SELECTIVE CATALYTIC REDUCTION (SCR)","AMMONIA, CARBON MONOXIDE, Electrical Output, OXIDES OF NITROGEN, SULFUR DIOXIDE",,,,,,,,
Air Title V Facility,2610300158,THE NEW YORK METHODIST HOSPITAL,NEW YORK METHODIST HOSPITAL,506 6TH ST,BROOKLYN,11215,EDUARDO LOWE,,,"A, Dc","U-00001, U-00002",,"OXIDES OF NITROGEN, PARTICULATES, SULFUR DIOXIDE",,,,,,,,
Air State Facility,2610300193,,BROOKLYN TECHNICAL HS,29 FT GREENE PL,BROOKLYN,11217,FRANK CARDELLO,,,,C-00001,,,,,,,,,,
Air State Facility,2610300406,BROOKLYN HOSPITAL CENTER,THE BROOKLYN HOSPITAL CENTER,121 DEKALB AVE,BROOKLYN,11201,PAUL WONG,,JJJJJJ,,U-00001,,OXIDES OF NITROGEN,,,,,,,,
Air Title V Facility,2610300760,MAIMONIDES MEDICAL CENTER,MAIMONIDES MEDICAL CENTER,4802 TENTH AVE,BROOKLYN,11219,JOSEPH EARL,,,"A, Dc",U-00001,,"OXIDES OF NITROGEN, PARTICULATES, SULFUR DIOXIDE",,,,,,,,
Air Title V Facility,2610400015,NYC HEALTH & HOSPITALS CORP,NYC-HH - WOODHULL HOSPITAL,760 BROADWAY,BROOKLYN,11206,"JESSE CRAWFORD, NYC DEPT OF HEALTH",,,,U-00001,,"OXIDES OF NITROGEN, PARTICULATES",,,,,,,,
Air Title V Facility,2610400132,STATE UNIVERSITY OF NEW YORK,DOWNSTATE MEDICAL CENTER,450 CLARKSON AVE,BROOKLYN,11203,BRIAN PITT,,ZZZZ,"A, Dc, IIII","0-U0001, 0-U0002, 0-U0003, 0-U0004, 0-U0005, 0-U0006, 0U0004, 0U0005",CATALYTIC REDUCTION,"40 CFR 60 SUBPART IIII - NMHC + NOX, CARBON MONOXIDE, ETHYLENE OXIDE, OXIDES OF NITROGEN, PARTICULATES, SULFUR DIOXIDE",,,,,,,,
Air State Facility,2610400174,BROOKDALE HOSPITAL MEDICAL CENTER,BROOKDALE HOSPITAL MEDICAL CTR,1275 LINDEN BLVD,BROOKLYN,11212,"BROOKDALE HOSPITAL MEDICAL CENTER, WILFRED WILLIAMS",,"JJJJJJ, ZZZZ",IIII,U-00001,,"OXIDES OF NITROGEN, PARTICULATES, SULFUR DIOXIDE",,,,,,,,
Air State Facility,2610400195,CITY UNIVERSITY OF NEW YORK,BROOKLYN COLLEGE,2900 BEDFORD AVE,BROOKLYN,11210,"ALDO ORLANDO, HOWARD N APSAN",,,"A, Dc","U-00001, U-00002, U-00003",,"GASOLINE, OXIDES OF NITROGEN, PARTICULATES, SULFUR DIOXIDE, VOC",,,,,,,,
Air State Facility,2610400207,ACP BK I LLC,ACP BK I LLC - 630 FLUSHING AVE,630 FLUSHING AVE,BROOKLYN,11206,MANUEL LOPEZ,,,Dc,P-BB000,,"OXIDES OF NITROGEN, PARTICULATES",,,,,,,,
Air Title V Facility,2610400249,NYC HEALTH & HOSPITALS CORP,NYC-HH - KINGS COUNTY HOSPITAL CENTER,451 CLARKSON AVE,BROOKLYN,11203,"JEVAN SEEPAUL, JOSEPH MULCHAN",,,,"U-00001, U-00002",,"OXIDES OF NITROGEN, PARTICULATES, SULFUR DIOXIDE",,,,,,,,
Air State Facility,2610400257,ATA HOUSING CORP,ATLANTIC PLAZA TOWERS,249 THOMAS S BOYLAND ST,BROOKLYN,11233,KEVIN RAFFERTY,,JJJJJJ,Dc,U-00010,,OXIDES OF NITROGEN,,,,,,,,
Air State Facility,2610400267,LINDSAY PARK HOUSING CORP,LINDSAY PARK HOUSING CORP,30 MONTROSE AVE,BROOKLYN,11206,JAY SILVERBERG,,,,U-00001,,"OXIDES OF NITROGEN, PARTICULATES",,,,,,,,
Air State Facility,2610400276,CLINTON HILL APARTMENTS OWNERS CORP,CLINTON HILL APARTMENTS,345 CLINTON AVE,BROOKLYN,11238,ED FRIEDMAN,,,Dc,U-C0001,,OXIDES OF NITROGEN,,,,,,,,
Air State Facility,2610400279,KINGSBROOK JEWISH MEDICAL CENTER,KINGSBROOK JEWISH MEDICAL CENTER,585 SCHENECTADY AVE,BROOKLYN,11203,JOSEPH BOTTA,,,,U-C0001,,"OXIDES OF NITROGEN, PARTICULATES",,,,,,,,
Air State Facility,2610400280,LINDSAY PARK HOUSING CORP,LINDSAY PARK HOUSING CORP,31 LEONARD ST,BROOKLYN,11206,JAY SILVERBERG,,,,U-00001,,"OXIDES OF NITROGEN, PARTICULATES",,,,,,,,
Air State Facility,2610400339,NYS OFFICE OF MENTAL HEALTH,KINGSBORO PSYCHIATRIC CTR,681 CLARKSON AVE,BROOKLYN,11203,A SCOTT BARD,,JJJJJJ,Dc,"U-00001, U-00002",,"OXIDES OF NITROGEN, SULFUR DIOXIDE",,,,,,,,
Air State Facility,2610400668,LINDSAY PARK HOUSING CORP,67 MANHATTAN AVE BUILDING,67 MANHATTAN AVE,BROOKLYN,11206,JAY SILVERBERG,,,,U-00001,,"OXIDES OF NITROGEN, PARTICULATES",,,,,,,,
Air Title V Facility,2610401298,WYCKOFF HEIGHTS MEDICAL CENTER,WYCKOFF HEIGHTS MEDICAL CENTER,374 STOCKHOLM ST,BROOKLYN,11237,ED GROGAN,,,JJJJ,U-00001,,"CARBON MONOXIDE, OXIDES OF NITROGEN, PARTICULATES, VOC",,,,,,,,
Air State Facility,2610500009,NYC DEPT OF ENVIRONMENTAL PROTECTION,NYC-DEP 26TH WARD WPCP,122-68 FLATLANDS AVE,BROOKLYN,12207,VINCENT SAPIENZA,,ZZZZ,IIII,"1-COMBU, 2-WWTRE","ACTIVATED CARBON ADSORPTION, VAPOR RECOVERY SYSTEM (VAPORADSORPTION/ABSORPTION UNIT), WET SCRUBBER","HAP, OXIDES OF NITROGEN, VOC",,,,,,,,
Air Title V Facility,2610500149,ULTRA FLEX PACKAGING CORP,ULTRA FLEX PKG CORP-975 ESSEX ST,975 ESSEX STREET,BROOKLYN,11208,RONALD BENNETT,,"A, KK",,"U-00001, U-00002, U00001",DIRECT FLAME AFTERBURNER WITH HEAT,"TOTAL HAP, VOC",,,,,,,,
Air State Facility,2610500262,NYC TRANSIT AUTHORITY,NYC-TA EAST NY BUS DEPOT & SHOPS,1 JAMAICA AVE,BROOKLYN,11207,CLARE SAMMON,,ZZZZ,"Dc, IIII","B-00001, C-C0001, E-I0001, G-AS001","VAPOR LOCK BALANCE RECOVERY SYSTEM, VAPOR RECOVERY SYS(INCL.Air Pollution Control Permit Conditions","OXIDES OF NITROGEN, PARTICULATES, VOC",,,,,,,,
Air Title V Facility,2610500263,STARRETT CITY INC,STARRETT CITY POWER PLANT,165 ELMIRA LOOP,BROOKLYN,11239,A SALIM QURESHI,,,,"0-00001, 0-00002, 0-1TANK",,"OXIDES OF NITROGEN, PARTICULATES",,,,,,,,
Air Title V Facility,2610500301,KINGS PLAZA JV LLC,KINGS PLAZA TOTAL ENERGY PLANT,5100 KINGS PLZ,BROOKLYN,11234,TERRY WILLIAMS,,,,"0-000CB, 0-000DG",,"OXIDES OF NITROGEN, PARTICULATES, VOC",,,,,,,,
Air State Facility,2610500301,KINGS PLAZA JV LLC,KINGS PLAZA TOTAL ENERGY PLANT,5100 KINGS PLZ,BROOKLYN,11234,TERRY WILLIAMS,,,,,,,,,,,,,,
Air State Facility,2610500695,NYS OFFICE FOR PEOPLE WITH DEVELOPMENTAL DISABILITIES,BROOKLYN DEV DISABILITIES SERVICE OFFICE,888 FOUNTAIN AVE,BROOKLYN,11208,JOSEPH WHITNEY,,"JJJJJJ, ZZZZ","Dc, IIII, JJJJ",U-00001,,OXIDES OF NITROGEN,,,,,,,,
"Air State Facility, Solid Waste Management, Tidal Wetlands, Water Quality Certification",2610600002,NYC DEPT OF SANITATION,NYC-DOS-SOUTH WEST BKLYN MTS,BAY 41 ST & GRAVESEND BAY,BROOKLYN,11214,HARRY SZARPANSKI,,,,,,OXIDES OF NITROGEN,,,,,,,,
Air State Facility,2610600050,U S DEPT OF VETERANS AFFAIRS,V A MEDICAL CTR - 800 POLY PL,800 POLY PL,BROOKLYN,11209,JAMES T MALLEN,,ZZZZ,"A, IIII","A-00001, B-00001, C-00001, D-00001, X-00001",CATALYTIC OXIDATION,"ETHYLENE OXIDE, OXIDES OF NITROGEN",,,,,,,,
Air Title V Facility,2610700004,NYC DEPT OF ENVIRONMENTAL PROTECTION,NYC-DEP CONEY ISLAND WPCP,2591 KNAPP ST,BROOKLYN,11235,NYC DEPT OF ENVIRONMENTAL PROTECTION,,,,"1-COMBU, 2-WWTRE","ACTIVATED CARBON ADSORPTION, WET SCRUBBER","OXIDES OF NITROGEN, PARTICULATES",,,,,,,,
Air Title V Facility,2610700012,NYC HEALTH & HOSPITALS CORP,NYC-HH - CONEY ISLAND HOSPITAL,2601 OCEAN PKWY @ AVE Z,BROOKLYN,11235,DANIEL COLLINS,,,,"U-00001, U-C0001, U-C0002",,"OXIDES OF NITROGEN, PARTICULATES",,,,,,,,
Air State Facility,2610700012,NYC HEALTH & HOSPITALS CORP,NYC-HH - CONEY ISLAND HOSPITAL,2601 OCEAN PKWY @ AVE Z,BROOKLYN,11235,DANIEL COLLINS,,,,U-TEMP1,,OXIDES OF NITROGEN,,,,,,,,
Air Title V Facility,2610700079,NYC TRANSIT AUTHORITY,NYC-TA CONEY ISLAND YARD,2556 MCDONALD AVE @ AVE X,BROOKLYN,11223,FRANCINE MAIBAUER,,,Dc,"1-000SC, 2-00BLR","HIGH EFFICIENCY PARTICULATE AIR FILTER, WATER CURTAIN","OXIDES OF NITROGEN, PARTICULATES, SULFUR DIOXIDE, VOC",,,,,,,,
Air State Facility,2610700141,WARBASSE HOUSES INC,WARBASSE HOUSES & POWER PLANT,2701 WEST 6TH ST,BROOKLYN,11224,ROCHELLE CAPTAN,,,,,,,,,,,,,,
Air State Facility,2610700141,WARBASSE HOUSES INC,WARBASSE HOUSES & POWER PLANT,2701 WEST 6TH ST,BROOKLYN,11224,ROCHELLE CAPTAN,,,"A, Db, IIII","U-FAC01, U-FAC02, U-FAC03, U-FAC04, U-FAC05",,"OXIDES OF NITROGEN, PARTICULATES",,,,,,,,
Air State Facility,2610700159,CITY UNIVERSITY OF NEW YORK,KINGSBOROUGH COMMUNITY COLLEGE,2001 ORIENTAL BLVD,BROOKLYN,11235,"HOWARD N APSAN, JENNIFER WUOTINEN",,"JJJJJJ, ZZZZ","Dc, JJJJ","U-00003, U-00004, U-00005","VAPOR COLLECTION (STAGE 1), VAPOR COLLECTION (STAGE 2)","GASOLINE, OXIDES OF NITROGEN, VOC",,,,,,,,
Air State Facility,2610700382,TRUMP VILLAGE SECTION 3 INC,TRUMP VILLAGE SECT 3 BOILER PLANT,458-460/464 NEPTUNE AVE,BROOKLYN,11224,MARIANNA GACH,,,,U-00001,,OXIDES OF NITROGEN,,,,,,,,
Air State Facility,2610700396,LUNA PARK HOUSING CORP,LUNA PARK HOUSES,2880 WEST 12TH ST,BROOKLYN,11224,ANTHONY DONADIO,,,Dc,U-C0001,,"OXIDES OF NITROGEN, PARTICULATES",,,,,,,,
Air State Facility,2620100004,NYC TRANSIT AUTHORITY,NYC-TA 207TH STREET OVERHAUL SHOP,3961 10TH AVE,NEW YORK,10034,CLARE SAMMON,,"JJJJJJ, ZZZZ","Dc, IIII, JJJJ",1-00BLR,,"OXIDES OF NITROGEN, SULFUR DIOXIDE",,,,,,,,
Air Title V Facility,2620100005,THE NEW YORK AND PRESBYTERIAN HOSPITAL,NEW YORK PRESBYTERIAN HOSPITAL,622 W 168TH ST,NEW YORK,10032,JOHN D'ANGELO,,ZZZZ,"A, Db, IIII",U-00001,,"OXIDES OF NITROGEN, PARTICULATES, SULFUR DIOXIDE",,,,,,,,
Air State Facility,2620100030,NYS OFFICE OF MENTAL HEALTH,NYS PSYCHIATRIC INSTITUTE,1051 RIVERSIDE DR,NEW YORK,10032,"A SCOTT BARD, PETER REYNOLDS",,"JJJJJJ, ZZZZ","Dc, IIII","U-00003, U-00004",,"OXIDES OF NITROGEN, SULFUR DIOXIDE",,,,,,,,
Air Title V Facility,2620100045,RACHEL BRIDGE CORP,RACHEL BRIDGE CORP,1365 ST NICHOLAS AVE,NEW YORK,10033,JACOB SCHWIMMER,,,"A, Dc",U-00001,,"OXIDES OF NITROGEN, PARTICULATES, SULFUR DIOXIDE",,,,,,,,
Air State Facility,2620100056,TRUSTEES OF COLUMBIA UNIVERSITY IN CITY OF NEW YORK,COLUMBIA UNIVERSITY MEDICAL CENTER,630-650 & 722 W 168TH ST,NEW YORK,10032,JAMES T THOMPSEN,,"JJJJJJ, ZZZZ","Dc, IIII","1--LASK, 1-HAVEN, 1-IRV01, 1-NSR01, 1-PAS01","GAS SCRUBBER (GENERAL, NOT CLASSIFIED)","OXIDES OF NITROGEN, PARTICULATES",,,,,,,,
Air Title V Facility,2620200007,NYC DEPT OF ENVIRONMENTAL PROTECTION,NORTH RIVER WASTEWATER TREATMENT PLANT,725 W 135TH ST,NEW YORK,10031,"NYC DEPT OF ENVIRONMENTAL PROTECTION, NYC-DEP NORTH RIVER WPCP",,ZZZZ,"A, Dc, GG, IIII, JJJJ","1--COMB, 1-COGEN, 1COGEN, 2-WWTRE, 2WWTRE",WET SCRUBBER,"CARBON MONOXIDE, OXIDES OF NITROGEN, PARTICULATES, PM 2.5, PM-10, TOTAL HAP, VOC",,,,,,,,
Air Title V Facility,2620200032,CONSOLIDATED EDISON COMPANY OF NEW YORK INC,CON ED-59TH ST STATION,850 12TH AVE,NEW YORK,10019,FEMI OGUNSOLA,,JJJJJJ,,"5-90005, 5-90020",,"OXIDES OF NITROGEN, PARTICULATES, SULFUR DIOXIDE, TOTAL HAP",,,,,,,,
Air State Facility,2620200044,CITY UNIVERSITY OF NEW YORK,CITY COLLEGE OF NEW YORK,160 CONVENT AVE,NEW YORK,10031,"HOWARD N APSAN, RICHARD BELGRAVE",,,"A, Dc, IIII","U-00001, U-00002, U-00004, U-00005, U00001, U00004",,"40 CFR 60 SUBPART IIII - NMHC + NOX, CARBON MONOXIDE, OXIDES OF NITROGEN, PARTICULATES, SULFUR DIOXIDE",,,,,,,,
Air Title V Facility,2620200100,ONE LINCOLN PLAZA CONDOMINIUM,ONE LINCOLN PLAZA CONDOMINIUM,1900 BROADWAY,NEW YORK,10023,SEAN ABBOTT,,,,U-C0001,,"OXIDES OF NITROGEN, PARTICULATES",,,,,,,,
Air State Facility,2620200106,RIVERSIDE PARK COMMUNITY LLC,RIVERSIDE PARK COMMUNITY LLC,3333 BROADWAY,NEW YORK,10031,JOSHUA EISENBERG,,,,U-C0001,,"OXIDES OF NITROGEN, PARTICULATES",,,,,,,,
Air State Facility,2620200111,DORCHESTER TOWERS CONDOMINIUM,DORCHESTER TOWERS CONDOMINIUM,155 W 68TH ST,NEW YORK,10023,"ODED ABOODI, RACHEL MAHLER",,JJJJJJ,Dc,E-I0001,,"OXIDES OF NITROGEN, SULFUR DIOXIDE",,,,,,,,
Air State Facility,2620200153,11 WEST 42ND STREET LIMITED PARTNERSHIP,POWER PLANT BUILDING,11 WEST 42ND ST,NEW YORK,10036,JESSICA REEVE,,,,0-00001,,OXIDES OF NITROGEN,,,,,,,,
Air Title V Facility,2620200167,TRUSTEES OF COLUMBIA UNIVERSITY IN CITY OF NEW YORK,COLUMBIA UNIVERSITY-410 W 118TH ST,410 W 118TH ST,NEW YORK,10027,GEORGE PECOVIC,,,"A, Dc, KKKK",U-00101,,"OXIDES OF NITROGEN, PARTICULATES, SULFUR DIOXIDE",,,,,,,,
Air State Facility,2620200177,ROCKEFELLER CENTER NORTH INC,TIME AND LIFE BUILDING,111 W 50TH ST,NEW YORK,10020,"JAMES HAVIARIS, RONALD PEREZ",,,,0-00001,,OXIDES OF NITROGEN,,,,,,,,
Air Title V Facility,2620200181,P M HOTEL ASSOCIATES LP,LE PARKER MERIDIEN-109 WEST 56TH ST,109 WEST 56TH STREET,NEW YORK,10019,"P M HOTEL ASSOCIATES LP, TIM PHILLIPS",,,,U-BOILR,,"OXIDES OF NITROGEN, PARTICULATES",,,,,,,,
Air State Facility,2620200548,UNION THEOLOGICAL SEMINARY,UNION THEOLOGICAL SEMINARY,3041 BROADWAY,NEW YORK,10027,"LUFUS UWUSU, XAVIER ORENGO",,JJJJJJ,Dc,,,OXIDES OF NITROGEN,,,,,,,,
Air State Facility,2620200674,ST LUKE'S ROOSEVELT HOSPITAL,ST LUKE'S ROOSEVELT HOSPITAL,1111 AMSTERDAM AVE,NEW YORK,10025,"DAVID MASINI, SAVA CUCU",,,,U-00001,,"OXIDES OF NITROGEN, PARTICULATES",,,,,,,,
Air State Facility,2620200724,TRUSTEES OF COLUMBIA UNIVERSITY IN CITY OF NEW YORK,COLUMBIA UNIVERSITY,560 RIVERSIDE DR,NEW YORK,10027,"MARK KERMAN, NELSON FALCON",,"JJJJJJ, ZZZZ","Dc, IIII","U-00001, U-00002, U-00003",,OXIDES OF NITROGEN,,,,,,,,
Air State Facility,2620200802,TEACHERS COLLEGE,TEACHERS COLLEGE CENTRAL UTILITY PLANT,525 W 120TH ST,NEW YORK,10027,ARCHIE MCALLISTER,,,"A, Dc",U-00001,,"OXIDES OF NITROGEN, PARTICULATES, SULFUR DIOXIDE",,,,,,,,
Air State Facility,2620201636,CBS BROADCASTING INC,CBS BROADCASTING INC - 524 WEST 57TH ST,524 WEST 57TH ST,NEW YORK,10019,ALAN W KRUPSKI,,,,"1-GENG5, 1-GENG6, 1-GENG7",,OXIDES OF NITROGEN,,,,,,,,
Air State Facility,2620201646,AT&T COMMUNICATIONS OF NEW YORK INC,AT&T WEB HOSTING & COMM OPERATIONS,811 10TH AVE,NEW YORK,10019,BARBARA WALDEN,,ZZZZ,IIII,U-00001,,OXIDES OF NITROGEN,,,,,,,,
Air State Facility,2620201657,BILTMORE TOWER LLC,BILTMORE TOWER LLC,271 WEST 47TH ST,NEW YORK,10036,KIMBERLY CAFARO,,,Dc,U-00001,,,,,,,,,,
Air State Facility,2620201666,1301 PROPERTIES OWNER LP,1301 AVENUE OF THE AMERICAS,1301 AVENUE OF THE AMERICAS,NEW YORK,10019,RALPH DIRUGGIERO,,,,0-000E1,,OXIDES OF NITROGEN,,,,,,,,
Air State Facility,2620201787,TRUSTEES OF COLUMBIA UNIVERSITY IN CITY OF NEW YORK,COLUMBIA UNIVERSITY - MANHATTANVILLE CAMPUS/FACILITIES,UTILITY IMPROVEMENT PROJECT,637 WEST 125TH ST & 615 WEST 131ST ST,,ELMES WILMOUTH,,JJJJJJ,"Dc, IIII","U-00001, U-0TEMP",,"CARBON DIOXIDE EQUIVALENTS, OXIDES OF NITROGEN",,,,,,,,
Air State Facility,2620201788,BANK OF AMERICA NA,BANK OF AMERICA,1111 6TH AVE,NEW YORK,10036,RICHARD VIERA,,,,,,OXIDES OF NITROGEN,,,,,,,,
Air State Facility,2620201816,UTS PROJECT COMPANY HNY-1 LLC,UTS PROJECT COMPANY HNY-1 LLC,1335 AVENUE OF THE AMERICAS,NY,10019,SCOTT WARFIELD,,ZZZZ,JJJJ,U-00001,,OXIDES OF NITROGEN,,,,,,,,
Air Title V Facility,2620300001,NYC HEALTH & HOSPITALS CORP,NYC-HH - HARLEM HOSPITAL,506 LENOX AVE,NEW YORK,10037,MICHAEL ROBERTS,,,IIII,"0-000EG, U-00001",,"OXIDES OF NITROGEN, PARTICULATES",,,,,,,,
Air State Facility,2620300005,NYC DEPT OF ENVIRONMENTAL PROTECTION,NYC-DEP WARDS ISLAND WPCP,WARDS ISLAND - E SIDE,NEW YORK,10035,"DOUGLAS S GREELEY, VINCENT SAPIENZA",,"JJJJJJ, ZZZZ",IIII,"1-COMBU, 2-WWTRE","ACTIVATED CARBON ADSORPTION, WET SCRUBBER","HAP, OXIDES OF NITROGEN, VOC",,,,,,,,
Air State Facility,2620300017,NYS OFFICE OF MENTAL HEALTH,MANHATTAN PSYCH CTR,600 E 125TH ST,WARDS ISLAND,10035,A SCOTT BARD,,JJJJJJ,"Dc, IIII","U-00001, U-00006, U-00007",,OXIDES OF NITROGEN,,,,,,,,
Air State Facility,2620300037,RIVERBEND HOUSING CO INC,RIVERBEND HOUSING CO INC,2289 FIFTH AVE,NEW YORK,10037,JOHN CHEN,,,,0-00001,,OXIDES OF NITROGEN,,,,,,,,
Air State Facility,2620300038,ESPLANADE GARDENS INC,ESPLANADE GARDENS INC,101 WEST 147TH STREET,NEW YORK,10039,"BRENDA HUNDLEY, GEORGIA KOKASON",,,"A, Dc","U-C0001, U-C0002",,"OXIDES OF NITROGEN, PARTICULATES, SULFUR DIOXIDE",,,,,,,,
Air Title V Facility,2620300047,EAST HARLEM PILOT BLOCK HOUSING,TAINO TOWERS-2253 THIRD AVENUE,2253 THIRD AVE,NEW YORK,10035,"LILLIANA BILLINI, MANNY DIAZ",,,,U-C0001,,"OXIDES OF NITROGEN, PARTICULATES",,,,,,,,
Air Title V Facility,2620400019,CONSOLIDATED EDISON COMPANY OF NEW YORK INC,CON ED-74TH STREET STA,506 E 75TH ST,NEW YORK,10021,FEMI OGUNSOLA,,JJJJJJ,,7-40020,,"OXIDES OF NITROGEN, PARTICULATES, SULFUR DIOXIDE, TOTAL HAP",,,,,,,,
Air Title V Facility,2620400037,CONSOLIDATED EDISON COMPANY OF NEW YORK INC,CON ED-EAST 60TH STREET STEAM PLANT,514 E 60TH ST,NEW YORK,10022,FEMI OGUNSOLA,,,,6-00002,,"OXIDES OF NITROGEN, PARTICULATES",,,,,,,,
Air Title V Facility,2620400058,NYC HEALTH & HOSPITALS CORP,NYC-HH - METROPOLITAN HOSPITAL,1901 1ST AVE,NEW YORK,10029,JOHN TYNDORF,,,,"U-C0001, U-E0001, U-G0001",,"ETHYLENE OXIDE, PARTICULATES, VOC",,,,,,,,
"Air State Facility, Air Title V Facility",2620400059,MOUNT SINAI MEDICAL CENTER,MOUNT SINAI HOSPITAL,1 GUSTAVE L LEVY PL|1450 MADISON AVE,NEW YORK,10029,"MARK A MATTHEWS, SR, SALVATORE J TRANCHINA",,ZZZZ,"A, Dc, IIII","U-B0001, U-C0001","LOW NOX BURNERS, FLUE GAS","OXIDES OF NITROGEN, PARTICULATES, SULFUR DIOXIDE",,,,,,,,
Air State Facility,2620400059,MOUNT SINAI MEDICAL CENTER,MOUNT SINAI HOSPITAL,1 GUSTAVE L LEVY PL|1450 MADISON AVE,NEW YORK,10029,"SALVATORE J TRANCHINA, VALERY BONDARCHUK",,,,U--TEMP,,OXIDES OF NITROGEN,,,,,,,,
Air Title V Facility,2620400064,SOCIETY OF NEW YORK HOSPITAL,NY - PRESBYTERIAN HOSPITAL-525 E 68TH ST,525 EAST 68TH ST,NEW YORK,10021,GREGORY J CAMACHO,,ZZZZ,"A, Db, GG","U-00001, U-00002, U00001",CATALYTIC OXIDATION,"ETHYLENE OXIDE, OXIDES OF NITROGEN, PARTICULATES, SULFUR DIOXIDE",,,,,,,,
Air State Facility,2620400102,RUPPERT HOUSING CORP,RUPPERT HOUSING CORP,220 EAST 93RD STREET,NEW YORK,10128,BARBARA PAYNE,,,,G-00001,,,,,,,,,,
Air Title V Facility,2620400118,ROCKEFELLER UNIVERSITY,ROCKEFELLER UNIVERSITY,1230 YORK AVE,NEW YORK,10021,BRENDAN F BOLGER,,JJJJJJ,"A, Dc",0-43010,,"BENZENE, CHLOROFORM, DIMETHYL SULFIDE, FORMALDEHYDE, HAP, HYDROGEN FLUORIDE, OXIDES OF NITROGEN, PARTICULATES, SULFUR DIOXIDE, VOC",,,,,,,,
Air Title V Facility,2620400127,NYC HEALTH & HOSPITALS CORP,COLER-GOLDWATER MEMORIAL HOSPITAL,1 MAIN ST|ROOSEVELT ISLAND,NEW YORK,10044,GEORGE L SCHMITT,,,,"0-00001, 0-00002",,"OXIDES OF NITROGEN, PARTICULATES",,,,,,,,
Air Title V Facility,2620400139,FRANKLIN PLAZA APARTMENTS,FRANKLIN PLAZA APARTMENTS,2085 SECOND AVE,NEW YORK,10029,PAUL RIFKIN,,,,U-C0001,,"OXIDES OF NITROGEN, PARTICULATES",,,,,,,,
Air State Facility,2620400692,CARLYLE CONSTRUCTION CORP,245 EAST 63 STREET BUILDING,245 EAST 63 STREET,NEW YORK,10021,MICHAEL DIMSON,,,,G-00001,,,,,,,,,,
Air State Facility,2620400694,PLAZA 400 OWNERS CORP,PLAZA 400,400 EAST 56 STREET,NEW YORK,10022,PATRICK FREYDBERG,,,,G-00001,,"OXIDES OF NITROGEN, PARTICULATES",,,,,,,,
Air State Facility,2620400698,TERENCE CARDINAL COOKE HEALTH CARE CENTE,TERENCE CARDINAL COOKE HEALTH CARE CENTE,1249 5 AVENUE,NEW YORK,10029,", ERNESTO WOODLEY",,,,G-00001,,OXIDES OF NITROGEN,,,,,,,,
Air State Facility,2620401380,"SCHNEIDER & SCHNEIDER, INC.",YORKSHIRE TOWERS,305 EAST 86TH STREET,NEW YORK,10028,ANGELO GRIMAN,,JJJJJJ,Dc,E-U0001,,OXIDES OF NITROGEN,,,,,,,,
Air State Facility,2620401430,CITY UNIVERSITY OF NEW YORK,HUNTER COLLEGE,695 PARK AVE,NEW YORK,10021,"HOWARD N APSAN, RICARDO FRANCO",,"JJJJJJ, ZZZZ","Dc, IIII",U-C0001,,OXIDES OF NITROGEN,,,,,,,,
Air State Facility,2620401499,1199 HOUSING CORPORATION,1199 HOUSING CORPORATION BOILER PLANT,2120 FIRST AVENUE,NEW YORK,10029,"RON BINOE, WILLIAM DAMES",,,Dc,U-00001,,SULFUR DIOXIDE,,,,,,,,
Air State Facility,2620401648,330 MADISON COMPANY LLC,330 MADISON AVENUE GENERATOR PLANT,330 MADISON AVE,NEW YORK,10017,GASTON SILVA,,ZZZZ,IIII,U-00001,,OXIDES OF NITROGEN,,,,,,,,
Air Title V Facility,2620500182,MUTUAL REDEVELOPMENT HOUSES INC,MUTUAL REDEVELOPMENT HOUSES,315 WEST 25TH ST,NEW YORK,10001,BRENDAN KEANY,,,,U-00001,,"OXIDES OF NITROGEN, PARTICULATES",,,,,,,,
Air Title V Facility,2620500246,NEW YORK UNIVERSITY,NYU CENTRAL PLANT,251 MERCER ST,NEW YORK,10012,JOSEPH L STERN,,,"A, Dc, KKKK","1-00000, 100000, 2-00000, 200000",LOW NOx BURNER,"OXIDES OF NITROGEN, PARTICULATES, SULFUR DIOXIDE",,,,,,,,
Air State Facility,2620500331,LONDON TERRACE TOWERS OWNERS INC,LONDON TERRACE TOWERS-470 W 24TH ST,470 WEST 24TH ST,NEW YORK,10011,"BILL MURPHY, MARK STAPLETON",,,Dc,"U-C0001, U-C0002",,OXIDES OF NITROGEN,,,,,,,,
Air State Facility,2620500335,NYC TRANSIT AUTHORITY,NYCT - MICHAEL J QUILL BUS DEPOT,525 11TH AVE,NEW YORK,10018,CHARLES B BURRUS,,,,"U-00001, U-00002",,"OXIDES OF NITROGEN, PARTICULATES, VOC",,,,,,,,
Air State Facility,2620500339,NYC DEPT OF CITYWIDE ADMINISTRATIVE SERV,MANHATTAN CRIMINAL COURT,100 CENTRE ST,NEW YORK,10013,"DILIP DE, GEORGE SULTANA",,JJJJJJ,,0-96018,,OXIDES OF NITROGEN,,,,,,,,
Air State Facility,2620500432,B BROS BROADWAY REALTY LLC,1385 BROADWAY BLDG,1385 BROADWAY,NEW YORK,10018,DOUGLAS OBERFIELD,,JJJJJJ,Dc,U-00001,,OXIDES OF NITROGEN,,,,,,,,
Air State Facility,2620501565,CITIGROUP GLOBAL MARKETS INC,CITIGROUP GLOBAL MARKETS INC,388/390 GREENWICH ST,NEW YORK,10013,"CHRIS MAGLIANO, THOMAS WELSH",,,,E-39011,,OXIDES OF NITROGEN,,,,,,,,
Air State Facility,2620501617,333W34 SLG OWNER LLC,SL GREEN REALTY CORP,333 W 34TH ST,NEW YORK,10001,TINA DEDUSHAJ,,,,"O-OBOIL, O-OEGEN",,OXIDES OF NITROGEN,,,,,,,,
Air State Facility,2620501637,SPRINT COMMUNICATIONS CO,SPRINT,111 8TH AVE,NEW YORK,10011,JERRY F KIDWELL,,,,A-WEB01,,OXIDES OF NITROGEN,,,,,,,,
Air State Facility,2620501645,SPRINT COMMUNICATIONS CO,SPRINT - 60 HUDSON STREET,60 HUDSON ST,NEW YORK,10013,"JERRY F KIDWELL, LYNDON FORDE",,,,U-00001,,OXIDES OF NITROGEN,,,,,,,,
Air State Facility,2620501645,SPRINT COMMUNICATIONS CO,SPRINT - 60 HUDSON STREET,60 HUDSON ST,NEW YORK,10013,JASON LEONE,,,,U-00001,,OXIDES OF NITROGEN,,,,,,,,
Air State Facility,2620501653,THE BANK OF NEW YORK MELLON CORPORATION,BANK OF NEW YORK MELLON - 101 BARCLAY,101 BARCLAY ST,NEW YORK,10286,"KEVIN ODELL, PAUL MCNULTY",,,ZZZZ,U-00001,,OXIDES OF NITROGEN,,,,,,,,
Air State Facility,2620501682,452 FIFTH OWNERS LLC,HSBC TOWER,1 W 39TH ST|452 FIFTH AVE,NEW YORK,10018,RICHARD TADALDI,,,,U-00001,,OXIDES OF NITROGEN,,,,,,,,
Air State Facility,2620501696,THE NEW YORK TIMES BUILDING LLC,THE NEW YORK TIMES BUILDING LLC,620 EIGHTH AVE,NEW YORK,10018,NORMAN OSTROFF,,,,0-00001,,OXIDES OF NITROGEN,,,,,,,,
Air State Facility,2620501736,VORNADO REALTY TRUST,ONE PENN PLAZA LLC,242 W 34TH ST,NEW YORK,10001,STEVEN SONITIS,,,,U-00001,,OXIDES OF NITROGEN,,,,,,,,
Air State Facility,2620501757,MERRILL LYNCH PIERCE FENNER & SMITH INCORPORATED,MLPF&S INC - 250 VESEY ST,250 VESEY ST,NEW YORK,10281,MAUREEN W ROLAND,,,,G-00001,,OXIDES OF NITROGEN,,,,,,,,
Air State Facility,2620501771,DATAGRYD DATA CENTERS LLC,DATAGRYD DATA CENTERS LLC - 60 HUDSON ST,60 HUDSON ST,NEW YORK,10013,ARTHUR VALHUERDI,,ZZZZ,"IIII, KKKK","E-00001, T-00001",,"OXIDES OF NITROGEN, SULFUR DIOXIDE",,,,,,,,
Air Title V Facility,2620600012,CONSOLIDATED EDISON COMPANY OF NEW YORK INC,CON ED-EAST RIVER GENERATING STATION,701-827 E 14TH ST,NEW YORK,10009,FEMI OGUNSOLA,,"JJJJJJ, ZZZZ","A, Db, GG, IIII","E-R0001, E-R0002, E-R0003, E-R0011","CATALYTIC OXIDATION, SELECTIVE CATALYTIC REDUCTION (SCR)","AMMONIA, BERYLLIUM, CARBON MONOXIDE, OXIDES OF NITROGEN, PARTICULATES, PM-10, SULFUR, SULFUR (S 035), SULFUR DIOXIDE, TOTAL HAP, VOC",,,,,,,,
Air State Facility,2620600032,NYC HEALTH & HOSPITALS CORP,NYC-HH - NEW BELLEVUE HOSPITAL-462 1 AV,462 FIRST AVE,NEW YORK,10016,PATRICK O'BRIEN,,ZZZZ,IIII,U-00001,,OXIDES OF NITROGEN,,,,,,,,
Air State Facility,2620600053,ONE NY PLAZA CO LLC,NEW YORK PLAZA BUILDING,1 NEW YORK PLZ,NEW YORK,10081,JOSEPH R SYSLO,,ZZZZ,"IIII, JJJJ",U-00001,,OXIDES OF NITROGEN,,,,,,,,
Air State Facility,2620601438,U S DEPT OF VETERANS AFFAIRS,NEW YORK HARBOR HEALTHCARE SYSTEM,423 EAST 23RD ST,NEW YORK,10010,,,,,U-00001,"BIOLOGICAL OXIDATION, CATALYTIC OXIDATION",ETHYLENE OXIDE,,,,,,,,
Air State Facility,2620601442,NYC DEPT OF CITYWIDE ADMINISTRATIVE SERV,NYC DCAS - 100 GOLD STREET BOILER PLANT,100 GOLD STREET 10TH FLOOR,NEW YORK,10038,GEORGE SULTANA,,JJJJJJ,Dc,U-00001,,OXIDES OF NITROGEN,,,,,,,,
Air State Facility,2620601474,NEW WATER STREET CORPORATION,55 WATER ST EMERGENCY GENERATOR SYSTEM,55 WATER ST,NEW YORK,10041,FRANK MAGNANI,,,,U-00001,,OXIDES OF NITROGEN,,,,,,,,
Air State Facility,2620601492,NEW YORK UNIVERSITY MEDICAL CENTER,NYU LANGONE MEDICAL CENTER,530-560 FIRST AVE,NEW YORK,10016,ROBERT I GROSSMAN,,"JJJJJJ, ZZZZ","A, Db, Db, Db, Dband, Dband, Dband, IIII, KKKK",U-00001,"CATALYTIC OXIDATION, SELECTIVE CATALYTIC REDUCTION (SCR)","CARBON DIOXIDE EQUIVALENTS, OXIDES OF NITROGEN, PARTICULATES, SULFUR DIOXIDE",,,,,,,,
Air Title V Facility,2630100005,STEINWAY & SONS,STEINWAY & SONS - QUEENS FACILITY,1 STEINWAY PL,LONG ISLAND CITY,11105,BILL RIGOS,,JJJJJJ,Dc,"0-000SB, 0-00INS, 0-00MAP, 0-0BOIL, 0-ADMIX, 0-EMGEN, 0-PSTRP",,"FORMALDEHYDE, OXIDES OF NITROGEN, PARTICULATES, SULFUR DIOXIDE, VOC",,,,,,,,
Air Title V Facility,2630100006,CONSOLIDATED EDISON COMPANY OF NEW YORK INC,CON ED - ASTORIA FACILITY,31-01 20TH AVENUE,ASTORIA,11105,FEMI OGUNSOLA,,,,"A-S0007, A-S0008, A-S0009, A-S0020, A-S0021, A-S0023, A-S005B","FABRIC FILTER, MAT OR PANEL FILTER","GASOLINE, OXIDES OF NITROGEN, VOC",,,,,,,,
Air State Facility,2630100008,NYC DEPT OF ENVIRONMENTAL PROTECTION,NYC-DEP BOWERY BAY WPCP,43-10 BERRIAN BLVD,ASTORIA,11105,VINCENT SAPIENZA,,,"A, Dc","1-BOILR, 2-GENER, 3-WWTRE, 4-SLDGE, 5-WGTRE, 6-GASST","ACTIVATED CARBON ADSORPTION, WET SCRUBBER","CARBON DIOXIDE EQUIVALENTS, HAP, OXIDES OF NITROGEN, PARTICULATES, SULFUR DIOXIDE, VOC",,,,,,,,
Air Title V Facility,2630100065,NYC HEALTH & HOSPITALS CORP,ELMHURST HOSP-79-01 BROADWAY,79-01 BROADWAY,ELMHURST,11373,ROLAND NG,,,,0-U0001,,"OXIDES OF NITROGEN, PARTICULATES",,,,,,,,
Air Title V Facility,2630100072,ASTORIA ENERGY II LLC,ASTORIA ENERGY LLC & ASTORIA ENERGY II LLC,17-10 STEINWAY ST,ASTORIA,11105,MICHAEL STOCKSTAD,,,"A, Da, Dc, GG","U-00001, U-00002","CATALYTIC AFTERBURNER, LOW NOx BURNER, SELECTIVE CATALYTIC REDUCTION (SCR), WATER INJECTION","AMMONIA, CARBON MONOXIDE, OXIDES OF NITROGEN, PARTICULATES, PM-10, SULFUR DIOXIDE, SULFURIC ACID, VOC",,,,,,,,
Air Title V Facility,2630100084,NEW YORK POWER AUTHORITY,POLETTI POWER PROJECT,31-03 20TH AVE,ASTORIA,11105,KOLLI M RAO,,,"A, GG",U-00003,"CATALYTIC OXIDATION, DRY LOW NOx BURNER, SELECTIVE CATALYTIC REDUCTION (SCR)","AMMONIA, CARBON MONOXIDE, OXIDES OF NITROGEN, PARTICULATES, PM-10, SULFUR DIOXIDE, SULFURIC ACID, VOC",,,,,,,,
Air State Facility,2630100106,PORT AUTHORITY OF NEW YORK & NEW JERSEY,PORT AUTH OF NY & NJ-LA GUARDIA AIRPORT,GRAND CENTRAL PKWY & 94TH ST,FLUSHING,11371,MARC HELMAN,,,"A, Dc, IIII","U-B0001, U-B0002, U-B0003, U-B0004, U-B0005, U-B0006, U-B0007, U-B0011, U-B0012, U-E0009, U-S0008, U-T0010",,"GASOLINE, OXIDES OF NITROGEN, PARTICULATES, SULFUR DIOXIDE, VOC",,,,,,,,
Air State Facility,2630100148,PARK CITY ESTATES TENANTS CO,PARK CITY ESTATES TENANTS CO,61-55 98TH ST,QUEENS,11374,CHARLES ZSEBEDICS,,,,U-C0001,,,,,,,,,,
Air Title V Facility,2630100185,ASTORIA GENERATING COMPANY LP,ASTORIA GENERATING STATION,18-01 20TH AVE,ASTORIA,11105,"ANDREW W OLIVER, NATALIA HERNANDEZ",,,Dc,"A-S0001, A-S0002, A-S0003, A-S0004, A-S0005",,"CARBON MONOXIDE, OXIDES OF NITROGEN, PARTICULATES, PM 2.5, PM-10, SULFUR DIOXIDE, VOC",,,,,,,,
Air Title V Facility,2630100191,ASTORIA GAS TURBINE POWER LLC,ASTORIA GAS TURBINE POWER,31-01 20TH AVE,ASTORIA,11105,"ALLAN FILIPPI, JOHN ROBERTSON",,,"A, KKKK","A-00005, U-00001, U00001","CATALYTIC OXIDATION, SELECTIVE CATALYTIC REDUCTION (SCR)","AMMONIA, CARBON MONOXIDE, OXIDES OF NITROGEN, PARTICULATES, PM 2.5, SULFUR DIOXIDE",,,,,,,,
Air State Facility,2630100232,LAGUARDIA CORPORATE CENTER ASSOCIATES LLC,BULOVA CORPORATE CENTER,75-20 ASTORIA BLVD,JACKSON HEIGHTS,11370,DAVID BLUMENFELD,,,Dc,"U-00B12, U-00CH6, U-00CH7, U-0CH45, U-0HWB1, U-CH123, U-HWH12",,SULFUR DIOXIDE,,,,,,,,
"Air State Facility, Solid Waste Management, Tidal Wetlands, Water Quality Certification",2630200007,NYC DEPT OF SANITATION,NYC-DOS NORTH SHORE MTS,31ST AVE & 122ND ST,QUEENS,11356,HARRY SZARPANSKI,,,,,,OXIDES OF NITROGEN,,,,,,,,
Air Title V Facility,2630200012,NYC DEPT OF ENVIRONMENTAL PROTECTION,TALLMAN ISLAND WASTEWATER TREATMENT PLANT,127-01 POWELLS COVE BLVD,COLLEGE POINT,11356,"DOUGLAS S GREELEY, VINCENT SAPIENZA",,VVV,IIII,"0-6MISC, 1-ENGBL, 2-ENGPU, 3-BLERS, 4-WWTRE, 5-SLUDG, P-AROUD","ACTIVATED CARBON ADSORPTION, FLARING, SELECTIVE CATALYTIC REDUCTION (SCR), WET SCRUBBER","CARBON MONOXIDE, OXIDES OF NITROGEN, PARTICULATES, PM-10, SULFUR DIOXIDE, TOTAL HAP, VOC",,,,,,,,
Air State Facility,2630200083,COLLEGE POINT ASPHALT LLC,COLLEGE POINT ASPHALT,120-01 31ST AVE,FLUSHING,11354,"BRIAN MISSBACH, GEORGE FARRAND",,,I,U-00AP1,,"OXIDES OF NITROGEN, PARTICULATES",,,,,,,,
Air State Facility,2630200138,NYC DEPT OF TRANSPORTATION,HARPER STREET ASPHALT PLANT,30-01 HARPER ST|130-01 NORTHERN BLVD,CORONA,11368,"ANTHONY BORDENCA, BIAGIO CANTATORE",,,"A, I","A-00012, B-00001, D-00001, D00001, G-00123, H-00012, R-00001, R00001","FABRIC FILTER, MULTIPLE CYCLONE W/O FLY ASH INJECTION","CARBON MONOXIDE, OXIDES OF NITROGEN, PARTICULATES, SULFUR DIOXIDE",,,,,,,,
Air State Facility,2630200169,THE NEW YORK TIMES,THE NY TIMES DAILY PRODUCTION FACILITY,1 NEW YORK TIMES PLZ|25-70 WHITESTONE EXPRESSWAY,COLLEGE POINT,11354,NICK D'ANDREA,,"JJJJJJ, ZZZZ",IIII,"U-00002, U-00003, U-PRESS",,"OXIDES OF NITROGEN, VOC",,,,,,,,
Air State Facility,2630200211,WILLETS POINT ASPHALT CORP,WILLETS POINT ASPHALT CORP,32-02 COLLEGE POINT BLVD,FLUSHING,11354,KENNETH TULLY,,,"A, I",U-0NYP1,,"OXIDES OF NITROGEN, PARTICULATES",,,,,,,,
Air Title V Facility,2630400024,TC RAVENSWOOD LLC,RAVENSWOOD GENERATING STATION,38-54 VERNON BLVD,QUEENS,11101,KEN YAGER,,ZZZZ,,"U-00010, U-00020, U-00030, U-CT001, U-CT004, U-CT005, U-CT006, U-CT007, U-CT008, U-CT009, U-CT010, U-CT011, U-CT0S1, U-CT0S4, U-CT0S5, U-CT0S6, U-CT0S7, U-CT201, U-CT202, U-CT203, U-CT204, U-CT301, U-CT302, U-CT303, U-CT304, U00010, U00020, U00030, UCT201, UCT202, UCT203, UCT204, UCT301, UCT302, UCT303, UCT304",,"CARBON MONOXIDE, OXIDES OF NITROGEN, PARTICULATES, SULFUR DIOXIDE",,,,,,,,
Air Title V Facility,2630400024,TC RAVENSWOOD LLC,RAVENSWOOD GENERATING STATION,38-54 VERNON BLVD,QUEENS,11101,KEN YAGER,,,"A, GG",U-CC001,"CATALYTIC OXIDATION, DRY LOW NOx BURNER, SELECTIVE CATALYTIC REDUCTION (SCR)","AMMONIA, BERYLLIUM, CARBON MONOXIDE, OXIDES OF NITROGEN, PM-10, SULFUR DIOXIDE, SULFURIC ACID, VOC",,,,,,,,
Air State Facility,2630400268,SIMSMETAL EAST LLC,SIMSMETAL EAST LLC-QUEENS PLANT,30-27 GREENPOINT AVE,LONG ISLAND CITY,11101,JACK J BERNARDINO,,ZZZZ,IIII,2-00002,,"CARBON MONOXIDE, OXIDES OF NITROGEN",,,,,,,,
Air State Facility,2630400403,QUEENSVIEW INC,QUEENSVIEW INC,21-50 33RD RD,LONG ISLAND CITY,11106,FRANK MARCOVITZ,,,,Q-00001,,OXIDES OF NITROGEN,,,,,,,,
Air Title V Facility,2630400404,BIG SIX TOWERS INC,BIG SIX TOWERS INC,59-55 47TH AVE,WOODSIDE,11377,HENRY A DUBRO,,"JJJJJJ, ZZZZ",,1-STACK,,"CARBON MONOXIDE, OXIDES OF NITROGEN, PARTICULATES",,,,,,,,
Air State Facility,2630401324,KTN CLEANER INC,ENTERPRISE CLEANERS,37-26 30TH ST,LONG ISLAND CITY,11101,MICHAEL KONG,,M,,A-00001,"ACTIVATED CARBON ADSORPTION, REFRIGERATED CONDENSER","HAP, PERCHLOROETHYLENE",,,,,,,,
Air Title V Facility,2630401377,NEW YORK POWER AUTHORITY,VERNON BLVD PLANT,42-30 VERNON BLVD,QUEENS,,JOHN KAHABKA,,,"A, GG",1-00001,"CATALYTIC OXIDATION, SELECTIVE CATALYTIC REDUCTION (SCR)","AMMONIA, CARBON MONOXIDE, Electrical Output, OXIDES OF NITROGEN, SULFUR DIOXIDE",,,,,,,,
Air Title V Facility,2630401378,CONSOLIDATED EDISON COMPANY OF NEW YORK INC,RAVENSWOOD STEAM PLANT,38-54 VERNON BLVD,LONG ISLAND CITY,11101,FEMI OGUNSOLA,,JJJJJJ,,"U-BLR13, U-BLR24",,"OXIDES OF NITROGEN, PARTICULATES, SULFUR DIOXIDE, TOTAL HAP",,,,,,,,
Air State Facility,2630401422,MEDITERRANEAN FINISHES INC,MEDITERRANEAN FINISHES INC,58-77 57TH ST,QUEENS,11378,COSTAS ARGYRIS,,,,U-00001,,VOC,,,,,,,,
Air State Facility,2630401496,GREEN ASPHALT CO LLC,GREEN ASPHALT CO LLC,37-98 RAILROAD AVE,LONG ISLAND CITY,11101,MICHAEL A CAPASSO,,,"A, I",1-00001,,"OXIDES OF NITROGEN, PARTICULATES",,,,,,,,
Air State Facility,2630401503,CITY UNIVERSITY OF NEW YORK,LAGUARDIA COMMUNITY COLLEGE,31-10 THOMSON AVE,LONG ISLAND CITY,11101,HOWARD N APSAN,,"JJJJJJ, ZZZZ","Dc, IIII","U-00001, U-00002",,OXIDES OF NITROGEN,,,,,,,,
Air Title V Facility,2630500005,BARKER BROS INC,BARKER BROS - RIDGEWOOD,16-66 SUMMERFIELD ST,RIDGEWOOD,11385,KENNETH A DOYLE,,,,"U-00001, U-00009, U-00010, U-00011, U-00012, U-00013","FABRIC FILTER, SINGLE CYCLONE","PARTICULATES, VOC",,,,,,,,
Air State Facility,2630500058,BORO KITCHEN CABINETS INC,BORO KITCHEN CABINETS - 56-06 COOPER AVE,56-06 COOPER AVE,RIDGEWOOD,11207,ANDREW COHEN,,,,"1-SPRAY, 1-WOODW","BAFFLE, FABRIC FILTER, SINGLE CYCLONE, WATER CURTAIN","HAP, VOC",,,,,,,,
Air State Facility,2630600062,CITY UNIVERSITY OF NEW YORK,QUEENS COLLEGE,65-30 KISSENA BLVD,FLUSHING,11367,"HOWARD N APSAN, WILLIAM GRAFFEO",,,"A, Dc","U-00001, U-00002, U-00003","VAPOR COLLECTION (STAGE 1), VAPOR COLLECTION (STAGE 2)","GASOLINE, OXIDES OF NITROGEN, PARTICULATES, SULFUR DIOXIDE, VOC",,,,,,,,
Air State Facility,2630600064,NEW YORK HOSPITAL MED CTR OF QUEENS,NEW YORK HOSPITAL MEDICAL CTR OF QUEENS,56-45 MAIN ST,FLUSHING,11355,VITO CASSATA,,JJJJJJ,,"B-00001, B-W0001, C-00001",,OXIDES OF NITROGEN,,,,,,,,
"Air State Facility, Air Title V Facility",2630600067,ST JOHN'S UNIVERSITY,ST JOHNS UNIVERSITY,81-50 UTOPIA PKWY,JAMAICA,11432,COLLEEN GREANEY,,,Dc,"U-00004, U-00005, U-00006",,"GASOLINE, OXIDES OF NITROGEN, PARTICULATES",,,,,,,,
Air Title V Facility,2630600071,QUEENS FRESH MEADOWS LLC,QUEENS FRESH MEADOWS FACILITY,67-10 192ND ST,FLUSHING,11365,FRANK SPARGIMINO,,,"A, Dc",U-00001,,"OXIDES OF NITROGEN, PARTICULATES, SULFUR DIOXIDE",,,,,,,,
Air State Facility,2630600072,FLUSHING HOSPITAL,FLUSHING HOSPITAL MEDICAL CENTER,44-14 PARSONS BLVD,QUEENS,11355,NEIL PAPPAS,,,,"U-C0001, U-E0001",,"ETHYLENE OXIDE, OXIDES OF NITROGEN",,,,,,,,
Air Title V Facility,2630600111,PARKER MANAGEMENT NEW YORK LLC,PARKER TOWERS,104-40 QUEENS BLVD,FOREST HILLS,11375,"MAHIPAUL DASS, SAMIR CHRAIBI",,,,0-COMB1,,PARTICULATES,,,,,,,,
"Air State Facility, Air Title V Facility",2630700006,EPIC PHARMA LLC,EPIC PHARMA LLC,227-15 N CONDUIT AVE,LAURELTON,11413,MANOJ PATEL,,,,"1-OVNWM, 2-COATG, 3-DRYMH, 4-SEEDS, 5-FLUID","CENTRIFUGAL, FABRIC FILTER, HIGH EFFICIENCY PARTICULATE AIR FILTER, WET SCRUBBER","HAP, HYDROGEN CHLORIDE, PARTICULATES, VOC",,,,,,,,
Air State Facility,2630700216,LONG ISLAND RAIL ROAD CO,LIRR HILLSIDE MAINTENANCE COMPLEX & HOLBAN YARD,93-59 183RD ST,HOLLIS,11423,LEWIS D WUNDERLICH,,,,"1-00BLR, 1-00GAS, 1-00VPI, 1-00WLD, 1-0AGRS, 1-0RUST, 1-ARMSB, 1-PROCE","FABRIC FILTER, HIGH EFFICIENCY PARTICULATE AIR FILTER, VAPOR LOCK BALANCE RECOVERY SYSTEM, VAPOR RECOVERY SYS(INCL.CONDENSERS,HOODING, OTHER ENCLOSURES)","GASOLINE, OXIDES OF NITROGEN, VOC",,,,,,,,
Air State Facility,2630700242,NYS OFFICE OF MENTAL HEALTH,CREEDMOOR PSYCHIATRIC CTR,80-45 WINCHESTER BLVD,QUEENS VILLAGE,11427,"A SCOTT BARD, VICTOR MARSHALL",,"JJJJJJ, ZZZZ","Dc, IIII","U-00003, U-TMP01",,"OXIDES OF NITROGEN, SULFUR DIOXIDE",,,,,,,,
Air Title V Facility,2630700273,ROCHDALE VILLAGE INC,ROCHDALE VILLAGE,132-11 BEDELL ST,QUEENS,11434,"ROCHDALE VILLAGE INC, TED HARRISON",,,,U-C0001,,"OXIDES OF NITROGEN, PARTICULATES",,,,,,,,
Air Title V Facility,2630700290,LONG ISLAND JEWISH MEDICAL CENTER,LONG ISLAND JEWISH MEDICAL CENTER-QUEENS,270-05 76TH AVE,NEW HYDE PARK,11040,ROBERT RAIMONDI,,ZZZZ,"Dc, IIII","E-MRGEN, U-000CP, U-GENCP, U-OEGCP",CATALYTIC OXIDATION,"40 CFR 60 SUBPART IIII - HYDROCARBONS, CARBON MONOXIDE, OXIDES OF NITROGEN, PARTICULATES, SULFUR DIOXIDE",,,,,,,,
Air Title V Facility,2630700339,NORTH SHORE TOWERS APARTMENTS INC,N SHORE TOWERS APT TOTAL ENERGY PLANT,272-40 GRAND CENTRAL PARKWAY,FLORAL PARK,11005,SALVATORE N CASTRO,,ZZZZ,,"U-FAC01, U-FAC02",,"OXIDES OF NITROGEN, PARTICULATES",,,,,,,,
Air State Facility,2630700339,NORTH SHORE TOWERS APARTMENTS INC,N SHORE TOWERS APT TOTAL ENERGY PLANT,272-40 GRAND CENTRAL PARKWAY,FLORAL PARK,11005,SALVATORE N CASTRO,,,JJJJ,U-FAC03,,OXIDES OF NITROGEN,,,,,,,,
Air State Facility,2630700486,JAMAICA HOSPITAL MEDICAL CENTER D & T CENTER CORP,JAMAICA HOSPITAL MEDICAL CENTER,8900 VAN WYCK EXPY,JAMAICA,11418,"DAVID R ROSEN, HANS WALDVOGEL",,,,"U-00001, U-00002",ACTIVATED CARBON ADSORPTION,"ETHYLENE OXIDE, OXIDES OF NITROGEN",,,,,,,,
Air State Facility,2630800019,PORT AUTHORITY OF NEW YORK & NEW JERSEY,JFK INTERNATIONAL AIRPORT,JAMAICA BAY,QUEENS,11430,"BERNICE R MALIONE, DENISE BRANCH",,,"Dc, Kb","U-B0002, U-B0003, U-B0004, U-B0006, U-B0007, U-B0008, U-B0009, U-B0010, U-B0011, U-B0012, U-B0013, U-B0014, U-B0015, U-B0016, U-B0017, U-E0019, U-T0020, U-T0021",,"OXIDES OF NITROGEN, VOC",,,,,,,,
Air State Facility,2630800021,NYC DEPT OF ENVIRONMENTAL PROTECTION,JAMAICA WASTEWATER TREATMENT PLANT,150-20 134TH ST,JAMAICA,11430,"ALFONSO R LOPEZ, VINCENT SAPIENZA",,,Dc,"1-BLERS, 2-WWTRE, 3-SLUDG, 4-WGBRN, 5-EMGEN, 5EMGEN","ACTIVATED CARBON ADSORPTION, WET SCRUBBER","OXIDES OF NITROGEN, SULFUR DIOXIDE, TOTAL HAP, VOC",,,,,,,,
Air Title V Facility,2630800096,KIAC PARTNERS,KIAC COGENERATION PLANT-JFK AIRPORT,JFK AIRPORT BLDG 49,JAMAICA,11430,"JASON M GOODWIN, MICHAEL O'BRIEN",,,"A, Db, Dc, GG","U-00001, U-00002, U00001, U00002",SELECTIVE CATALYTIC REDUCTION (SCR),"AMMONIA, CARBON MONOXIDE, OXIDES OF NITROGEN, PARTICULATES, SULFUR DIOXIDE",,,,,,,,
Air State Facility,2630800096,KIAC PARTNERS,KIAC COGENERATION PLANT-JFK AIRPORT,BUILDING 49 JFK AIRPORT,JAMAICA,11430,"DONALD NEAL, MIKE URIO",,,"A, GG",3-GT000,"CATALYTIC OXIDATION, SELECTIVE CATALYTIC REDUCTION (SCR)","AMMONIA, CARBON MONOXIDE, OXIDES OF NITROGEN",,,,,,,,
Air State Facility,2630800202,JAPAN AIRLINES/JLW PROJECT MGMT SERVICES,JFK INTENATIONAL AIRPORT #14,JFK INTL AIRPORT BLDG #14,JAMAICA,11430,RUDOLPH AUSLANDER,,,,"U-B0001, U-B0002, U-E0003",,OXIDES OF NITROGEN,,,,,,,,
Air Title V Facility,2630800513,JAMAICA BAY PEAKING FACILITY LLC,BAYSWATER / JAMAICA BAY PEAKING FACILITY,14-25 BAY 24TH ST,FAR ROCKAWAY,11691,STEFAN J MARTINSEN,,ZZZZ,"A, GG","U-00001, U-00002","CATALYTIC OXIDATION, SELECTIVE CATALYTIC REDUCTION (SCR)","AMMONIA, CARBON MONOXIDE, OXIDES OF NITROGEN, PARTICULATES, SULFUR DIOXIDE",,,,,,,,
Air State Facility,2630800555,AMERICAN AIRLINES INC,AMERICAN AIRLINES INC,JFK INTERNATIONAL AIRPORT,JAMAICA,11430,LUIGI PIERNO,,,Dc,"B-00001, G-00001, H-00001",,"GASOLINE, OXIDES OF NITROGEN, PARTICULATES, SULFUR DIOXIDE, VOC",,,,,,,,
Air State Facility,2630800709,BUCKEYE PIPE LINE CO LP,BUCKEYE PIPELINE - JFK PIPELINE,JFK AIRPORT - W SIDE & E BANK OF BERGEN BASIN,QUEENS,11430,ROBERT CORTOPASSI,,ZZZZ,IIII,U-0BPLG,,OXIDES OF NITROGEN,,,,,,,,
Air State Facility,2640100042,380 DEVELOPMENT LLC,MOTORSPORTS ENTERTAINMENT COMPLEX,500 WESTERN AVE,STATEN ISLAND,10303,BRUCE J LINS,,,,U-MVR-1,,,,,,,,,,
Air State Facility,2640100065,CLEAN WATER OF NEW YORK INC,CLEAN WATER OF NEW YORK INC,3249 RICHMOND TERR,STATEN ISLAND,10303,ROBERT PROBST,,,,"1-00DAF, 1-0DDAC",,OXIDES OF NITROGEN,,,,,,,,
Air State Facility,2640100068,CADDELL DRY DOCK & REPAIR CO INC,CADDELL DRY DOCK & REPAIR CO INC-FT BEMENT/FT B'WAY,FOOT OF BEMENT AVE & FOOT OF BROADWAY,STATEN ISLAND,10310,STEVE KALIL,,,,"1-BOILR, 2-ENGNS, 3-REFRB, 4-BARGE, 4BARGE",,"HAP, OXIDES OF NITROGEN, PARTICULATES, VOC",,,,,,,,
Air State Facility,2640100302,RICHMOND MEDICAL CENTER,RICHMOND MEDICAL CENTER,355 BARD AVE,STATEN ISLAND,10310,ERIN PETROSINO,,,,"U-00001, U-00002",,OXIDES OF NITROGEN,,,,,,,,
Air Title V Facility,2640200295,NEW YORK POWER AUTHORITY,POUCH TERMINAL,LYNHURST AVE & EDGEWATER,STATEN ISLAND,10305,JOHN KAHABKA,,,"A, GG",1-00001,"CATALYTIC OXIDATION, SELECTIVE CATALYTIC REDUCTION (SCR)","AMMONIA, CARBON MONOXIDE, OXIDES OF NITROGEN, SULFUR DIOXIDE",,,,,,,,
